[{
  "_id": {
    "$oid": "661eb4b3e3b92cc1a47b7de6"
  },
  "clave": "BANAMEX",
  "descripcion": "Banco Nacional de México, S.A., Institución de Banca Múltiple, Grupo Financiero Banamex",
  "banco": "BANAMEX | Banco Nacional de México, S.A., Institución de Banca Múltiple, Grupo Financiero Banamex"
},
{
  "_id": {
    "$oid": "661eb4b3e3b92cc1a47b7de7"
  },
  "clave": "BANCOMEXT",
  "descripcion": "Banco Nacional de Comercio Exterior, Sociedad Nacional de Crédito, Institución de Banca de Desarrollo",
  "banco": "BANCOMEXT | Banco Nacional de Comercio Exterior, Sociedad Nacional de Crédito, Institución de Banca de Desarrollo"
},
{
  "_id": {
    "$oid": "661eb4b3e3b92cc1a47b7de8"
  },
  "clave": "BANOBRAS",
  "descripcion": "Banco Nacional de Obras y Servicios Públicos, Sociedad Nacional de Crédito, Institución de Banca de Desarrollo",
  "banco": "BANOBRAS | Banco Nacional de Obras y Servicios Públicos, Sociedad Nacional de Crédito, Institución de Banca de Desarrollo"
},
{
  "_id": {
    "$oid": "661eb4b3e3b92cc1a47b7de9"
  },
  "clave": "BBVA BANCOMER",
  "descripcion": "BBVA Bancomer, S.A., Institución de Banca Múltiple, Grupo Financiero BBVA Bancomer",
  "banco": "BBVA BANCOMER | BBVA Bancomer, S.A., Institución de Banca Múltiple, Grupo Financiero BBVA Bancomer"
},
{
  "_id": {
    "$oid": "661eb4b3e3b92cc1a47b7dea"
  },
  "clave": "SANTANDER",
  "descripcion": "Banco Santander (México), S.A., Institución de Banca Múltiple, Grupo Financiero Santander",
  "banco": "SANTANDER | Banco Santander (México), S.A., Institución de Banca Múltiple, Grupo Financiero Santander"
},
{
  "_id": {
    "$oid": "661eb4b3e3b92cc1a47b7deb"
  },
  "clave": "BANJERCITO",
  "descripcion": "Banco Nacional del Ejército, Fuerza Aérea y Armada, Sociedad Nacional de Crédito, Institución de Banca de Desarrollo",
  "banco": "BANJERCITO | Banco Nacional del Ejército, Fuerza Aérea y Armada, Sociedad Nacional de Crédito, Institución de Banca de Desarrollo"
},
{
  "_id": {
    "$oid": "661eb4b3e3b92cc1a47b7dec"
  },
  "clave": "HSBC",
  "descripcion": "HSBC México, S.A., institución De Banca Múltiple, Grupo Financiero HSBC",
  "banco": "HSBC | HSBC México, S.A., institución De Banca Múltiple, Grupo Financiero HSBC"
},
{
  "_id": {
    "$oid": "661eb4b3e3b92cc1a47b7ded"
  },
  "clave": "BAJIO",
  "descripcion": "Banco del Bajío, S.A., Institución de Banca Múltiple",
  "banco": "BAJIO | Banco del Bajío, S.A., Institución de Banca Múltiple"
},
{
  "_id": {
    "$oid": "661eb4b3e3b92cc1a47b7dee"
  },
  "clave": "IXE",
  "descripcion": "IXE Banco, S.A., Institución de Banca Múltiple, IXE Grupo Financiero",
  "banco": "IXE | IXE Banco, S.A., Institución de Banca Múltiple, IXE Grupo Financiero"
},
{
  "_id": {
    "$oid": "661eb4b3e3b92cc1a47b7def"
  },
  "clave": "INBURSA",
  "descripcion": "Banco Inbursa, S.A., Institución de Banca Múltiple, Grupo Financiero Inbursa",
  "banco": "INBURSA | Banco Inbursa, S.A., Institución de Banca Múltiple, Grupo Financiero Inbursa"
},
{
  "_id": {
    "$oid": "661eb4b3e3b92cc1a47b7df0"
  },
  "clave": "INTERACCIONES",
  "descripcion": "Banco Interacciones, S.A., Institución de Banca Múltiple",
  "banco": "INTERACCIONES | Banco Interacciones, S.A., Institución de Banca Múltiple"
},
{
  "_id": {
    "$oid": "661eb4b3e3b92cc1a47b7df1"
  },
  "clave": "MIFEL",
  "descripcion": "Banca Mifel, S.A., Institución de Banca Múltiple, Grupo Financiero Mifel",
  "banco": "MIFEL | Banca Mifel, S.A., Institución de Banca Múltiple, Grupo Financiero Mifel"
},
{
  "_id": {
    "$oid": "661eb4b3e3b92cc1a47b7df2"
  },
  "clave": "SCOTIABANK",
  "descripcion": "Scotiabank Inverlat, S.A.",
  "banco": "SCOTIABANK | Scotiabank Inverlat, S.A."
},
{
  "_id": {
    "$oid": "661eb4b3e3b92cc1a47b7df3"
  },
  "clave": "BANREGIO",
  "descripcion": "Banco Regional de Monterrey, S.A., Institución de Banca Múltiple, Banregio Grupo Financiero",
  "banco": "BANREGIO | Banco Regional de Monterrey, S.A., Institución de Banca Múltiple, Banregio Grupo Financiero"
},
{
  "_id": {
    "$oid": "661eb4b3e3b92cc1a47b7df4"
  },
  "clave": "INVEX",
  "descripcion": "Banco Invex, S.A., Institución de Banca Múltiple, Invex Grupo Financiero",
  "banco": "INVEX | Banco Invex, S.A., Institución de Banca Múltiple, Invex Grupo Financiero"
},
{
  "_id": {
    "$oid": "661eb4b3e3b92cc1a47b7df5"
  },
  "clave": "BANSI",
  "descripcion": "Bansi, S.A., Institución de Banca Múltiple",
  "banco": "BANSI | Bansi, S.A., Institución de Banca Múltiple"
},
{
  "_id": {
    "$oid": "661eb4b3e3b92cc1a47b7df6"
  },
  "clave": "AFIRME",
  "descripcion": "Banca Afirme, S.A., Institución de Banca Múltiple",
  "banco": "AFIRME | Banca Afirme, S.A., Institución de Banca Múltiple"
},
{
  "_id": {
    "$oid": "661eb4b3e3b92cc1a47b7df7"
  },
  "clave": "BANORTE/IXE",
  "descripcion": "Banco Mercantil del Norte, S.A., Institución de Banca Múltiple, Grupo Financiero Banorte",
  "banco": "BANORTE/IXE | Banco Mercantil del Norte, S.A., Institución de Banca Múltiple, Grupo Financiero Banorte"
},
{
  "_id": {
    "$oid": "661eb4b3e3b92cc1a47b7df8"
  },
  "clave": "THE ROYAL BANK",
  "descripcion": "The Royal Bank of Scotland México, S.A., Institución de Banca Múltiple",
  "banco": "THE ROYAL BANK | The Royal Bank of Scotland México, S.A., Institución de Banca Múltiple"
},
{
  "_id": {
    "$oid": "661eb4b3e3b92cc1a47b7df9"
  },
  "clave": "AMERICAN EXPRESS",
  "descripcion": "American Express Bank (México), S.A., Institución de Banca Múltiple",
  "banco": "AMERICAN EXPRESS | American Express Bank (México), S.A., Institución de Banca Múltiple"
},
{
  "_id": {
    "$oid": "661eb4b3e3b92cc1a47b7dfa"
  },
  "clave": "BAMSA",
  "descripcion": "Bank of America México, S.A., Institución de Banca Múltiple, Grupo Financiero Bank of America",
  "banco": "BAMSA | Bank of America México, S.A., Institución de Banca Múltiple, Grupo Financiero Bank of America"
},
{
  "_id": {
    "$oid": "661eb4b3e3b92cc1a47b7dfb"
  },
  "clave": "TOKYO",
  "descripcion": "Bank of Tokyo-Mitsubishi UFJ (México), S.A.",
  "banco": "TOKYO | Bank of Tokyo-Mitsubishi UFJ (México), S.A."
},
{
  "_id": {
    "$oid": "661eb4b3e3b92cc1a47b7dfc"
  },
  "clave": "JP MORGAN",
  "descripcion": "Banco J.P. Morgan, S.A., Institución de Banca Múltiple, J.P. Morgan Grupo Financiero",
  "banco": "JP MORGAN | Banco J.P. Morgan, S.A., Institución de Banca Múltiple, J.P. Morgan Grupo Financiero"
},
{
  "_id": {
    "$oid": "661eb4b3e3b92cc1a47b7dfd"
  },
  "clave": "BMONEX",
  "descripcion": "Banco Monex, S.A., Institución de Banca Múltiple",
  "banco": "BMONEX | Banco Monex, S.A., Institución de Banca Múltiple"
},
{
  "_id": {
    "$oid": "661eb4b3e3b92cc1a47b7dfe"
  },
  "clave": "VE POR MAS",
  "descripcion": "Banco Ve Por Mas, S.A. Institución de Banca Múltiple",
  "banco": "VE POR MAS | Banco Ve Por Mas, S.A. Institución de Banca Múltiple"
},
{
  "_id": {
    "$oid": "661eb4b3e3b92cc1a47b7dff"
  },
  "clave": "ING",
  "descripcion": "ING Bank (México), S.A., Institución de Banca Múltiple, ING Grupo Financiero",
  "banco": "ING | ING Bank (México), S.A., Institución de Banca Múltiple, ING Grupo Financiero"
},
{
  "_id": {
    "$oid": "661eb4b3e3b92cc1a47b7e00"
  },
  "clave": "DEUTSCHE",
  "descripcion": "Deutsche Bank México, S.A., Institución de Banca Múltiple",
  "banco": "DEUTSCHE | Deutsche Bank México, S.A., Institución de Banca Múltiple"
},
{
  "_id": {
    "$oid": "661eb4b3e3b92cc1a47b7e01"
  },
  "clave": "CREDIT SUISSE",
  "descripcion": "Banco Credit Suisse (México), S.A. Institución de Banca Múltiple, Grupo Financiero Credit Suisse (México)",
  "banco": "CREDIT SUISSE | Banco Credit Suisse (México), S.A. Institución de Banca Múltiple, Grupo Financiero Credit Suisse (México)"
},
{
  "_id": {
    "$oid": "661eb4b3e3b92cc1a47b7e02"
  },
  "clave": "AZTECA",
  "descripcion": "Banco Azteca, S.A. Institución de Banca Múltiple.",
  "banco": "AZTECA | Banco Azteca, S.A. Institución de Banca Múltiple."
},
{
  "_id": {
    "$oid": "661eb4b3e3b92cc1a47b7e03"
  },
  "clave": "AUTOFIN",
  "descripcion": "Banco Autofin México, S.A. Institución de Banca Múltiple",
  "banco": "AUTOFIN | Banco Autofin México, S.A. Institución de Banca Múltiple"
},
{
  "_id": {
    "$oid": "661eb4b3e3b92cc1a47b7e04"
  },
  "clave": "BARCLAYS",
  "descripcion": "Barclays Bank México, S.A., Institución de Banca Múltiple, Grupo Financiero Barclays México",
  "banco": "BARCLAYS | Barclays Bank México, S.A., Institución de Banca Múltiple, Grupo Financiero Barclays México"
},
{
  "_id": {
    "$oid": "661eb4b3e3b92cc1a47b7e05"
  },
  "clave": "COMPARTAMOS",
  "descripcion": "Banco Compartamos, S.A., Institución de Banca Múltiple",
  "banco": "COMPARTAMOS | Banco Compartamos, S.A., Institución de Banca Múltiple"
},
{
  "_id": {
    "$oid": "661eb4b3e3b92cc1a47b7e06"
  },
  "clave": "BANCO FAMSA",
  "descripcion": "Banco Ahorro Famsa, S.A., Institución de Banca Múltiple",
  "banco": "BANCO FAMSA | Banco Ahorro Famsa, S.A., Institución de Banca Múltiple"
},
{
  "_id": {
    "$oid": "661eb4b3e3b92cc1a47b7e07"
  },
  "clave": "BMULTIVA",
  "descripcion": "Banco Multiva, S.A., Institución de Banca Múltiple, Multivalores Grupo Financiero",
  "banco": "BMULTIVA | Banco Multiva, S.A., Institución de Banca Múltiple, Multivalores Grupo Financiero"
},
{
  "_id": {
    "$oid": "661eb4b3e3b92cc1a47b7e08"
  },
  "clave": "ACTINVER",
  "descripcion": "Banco Actinver, S.A. Institución de Banca Múltiple, Grupo Financiero Actinver",
  "banco": "ACTINVER | Banco Actinver, S.A. Institución de Banca Múltiple, Grupo Financiero Actinver"
},
{
  "_id": {
    "$oid": "661eb4b3e3b92cc1a47b7e09"
  },
  "clave": "WAL-MART",
  "descripcion": "Banco Wal-Mart de México Adelante, S.A., Institución de Banca Múltiple",
  "banco": "WAL-MART | Banco Wal-Mart de México Adelante, S.A., Institución de Banca Múltiple"
},
{
  "_id": {
    "$oid": "661eb4b3e3b92cc1a47b7e0a"
  },
  "clave": "NAFIN",
  "descripcion": "Nacional Financiera, Sociedad Nacional de Crédito, Institución de Banca de Desarrollo",
  "banco": "NAFIN | Nacional Financiera, Sociedad Nacional de Crédito, Institución de Banca de Desarrollo"
},
{
  "_id": {
    "$oid": "661eb4b3e3b92cc1a47b7e0b"
  },
  "clave": "INTERCAM BANCO",
  "descripcion": "Intercam Banco, S.A., Institución de Banca Múltiple, Intercam Grupo Financiero",
  "banco": "INTERCAM BANCO | Intercam Banco, S.A., Institución de Banca Múltiple, Intercam Grupo Financiero"
},
{
  "_id": {
    "$oid": "661eb4b3e3b92cc1a47b7e0c"
  },
  "clave": "BANCOPPEL",
  "descripcion": "BanCoppel, S.A., Institución de Banca Múltiple",
  "banco": "BANCOPPEL | BanCoppel, S.A., Institución de Banca Múltiple"
},
{
  "_id": {
    "$oid": "661eb4b3e3b92cc1a47b7e0d"
  },
  "clave": "ABC CAPITAL",
  "descripcion": "ABC Capital, S.A., Institución de Banca Múltiple",
  "banco": "ABC CAPITAL | ABC Capital, S.A., Institución de Banca Múltiple"
},
{
  "_id": {
    "$oid": "661eb4b3e3b92cc1a47b7e0e"
  },
  "clave": "UBS BANK",
  "descripcion": "UBS Bank México, S.A., Institución de Banca Múltiple, UBS Grupo Financiero",
  "banco": "UBS BANK | UBS Bank México, S.A., Institución de Banca Múltiple, UBS Grupo Financiero"
},
{
  "_id": {
    "$oid": "661eb4b3e3b92cc1a47b7e0f"
  },
  "clave": "CONSUBANCO",
  "descripcion": "Consubanco, S.A. Institución de Banca Múltiple",
  "banco": "CONSUBANCO | Consubanco, S.A. Institución de Banca Múltiple"
},
{
  "_id": {
    "$oid": "661eb4b3e3b92cc1a47b7e10"
  },
  "clave": "VOLKSWAGEN",
  "descripcion": "Volkswagen Bank, S.A., Institución de Banca Múltiple",
  "banco": "VOLKSWAGEN | Volkswagen Bank, S.A., Institución de Banca Múltiple"
},
{
  "_id": {
    "$oid": "661eb4b3e3b92cc1a47b7e11"
  },
  "clave": "CIBANCO",
  "descripcion": "CIBanco, S.A.",
  "banco": "CIBANCO | CIBanco, S.A."
},
{
  "_id": {
    "$oid": "661eb4b3e3b92cc1a47b7e12"
  },
  "clave": "BBASE",
  "descripcion": "Banco Base, S.A., Institución de Banca Múltiple",
  "banco": "BBASE | Banco Base, S.A., Institución de Banca Múltiple"
},
{
  "_id": {
    "$oid": "661eb4b3e3b92cc1a47b7e13"
  },
  "clave": "BANKAOOL",
  "descripcion": "Bankaool, S.A., Institución de Banca Múltiple",
  "banco": "BANKAOOL | Bankaool, S.A., Institución de Banca Múltiple"
},
{
  "_id": {
    "$oid": "661eb4b3e3b92cc1a47b7e14"
  },
  "clave": "PAGATODO",
  "descripcion": "Banco PagaTodo, S.A., Institución de Banca Múltiple",
  "banco": "PAGATODO | Banco PagaTodo, S.A., Institución de Banca Múltiple"
},
{
  "_id": {
    "$oid": "661eb4b3e3b92cc1a47b7e15"
  },
  "clave": "FORJADORES",
  "descripcion": "Banco Forjadores, S.A., Institución de Banca Múltiple",
  "banco": "FORJADORES | Banco Forjadores, S.A., Institución de Banca Múltiple"
},
{
  "_id": {
    "$oid": "661eb4b3e3b92cc1a47b7e16"
  },
  "clave": "INMOBILIARIO",
  "descripcion": "Banco Inmobiliario Mexicano, S.A., Institución de Banca Múltiple",
  "banco": "INMOBILIARIO | Banco Inmobiliario Mexicano, S.A., Institución de Banca Múltiple"
},
{
  "_id": {
    "$oid": "661eb4b3e3b92cc1a47b7e17"
  },
  "clave": "DONDÉ",
  "descripcion": "Fundación Dondé Banco, S.A., Institución de Banca Múltiple",
  "banco": "DONDÉ | Fundación Dondé Banco, S.A., Institución de Banca Múltiple"
},
{
  "_id": {
    "$oid": "661eb4b3e3b92cc1a47b7e18"
  },
  "clave": "BANCREA",
  "descripcion": "Banco Bancrea, S.A., Institución de Banca Múltiple",
  "banco": "BANCREA | Banco Bancrea, S.A., Institución de Banca Múltiple"
},
{
  "_id": {
    "$oid": "661eb4b3e3b92cc1a47b7e19"
  },
  "clave": "PROGRESO",
  "descripcion": "Banco Progreso Chihuahua, S.A.",
  "banco": "PROGRESO | Banco Progreso Chihuahua, S.A."
},
{
  "_id": {
    "$oid": "661eb4b3e3b92cc1a47b7e1a"
  },
  "clave": "BANCO FINTERRA",
  "descripcion": "Banco Finterra, S.A., Institución de Banca Múltiple",
  "banco": "BANCO FINTERRA | Banco Finterra, S.A., Institución de Banca Múltiple"
},
{
  "_id": {
    "$oid": "661eb4b3e3b92cc1a47b7e1b"
  },
  "clave": "ICBC",
  "descripcion": "Industrial and Commercial Bank of China México, S.A., Institución de Banca Múltiple",
  "banco": "ICBC | Industrial and Commercial Bank of China México, S.A., Institución de Banca Múltiple"
},
{
  "_id": {
    "$oid": "661eb4b3e3b92cc1a47b7e1c"
  },
  "clave": "SABADELL",
  "descripcion": "Banco Sabadell, S.A., Institución de Banca Múltiple",
  "banco": "SABADELL | Banco Sabadell, S.A., Institución de Banca Múltiple"
},
{
  "_id": {
    "$oid": "661eb4b3e3b92cc1a47b7e1d"
  },
  "clave": "SHINHAN",
  "descripcion": "Banco Shinhan de México, S.A., Institución de Banca Múltiple",
  "banco": "SHINHAN | Banco Shinhan de México, S.A., Institución de Banca Múltiple"
},
{
  "_id": {
    "$oid": "661eb4b3e3b92cc1a47b7e1e"
  },
  "clave": "MIZUHO BANK",
  "descripcion": "Mizuho Bank México, S.A., Institución de Banca Múltiple",
  "banco": "MIZUHO BANK | Mizuho Bank México, S.A., Institución de Banca Múltiple"
},
{
  "_id": {
    "$oid": "661eb4b3e3b92cc1a47b7e1f"
  },
  "clave": "BANK OF CHINA",
  "descripcion": "Bank of China México, S.A., Institución de Banca Múltiple",
  "banco": "BANK OF CHINA | Bank of China México, S.A., Institución de Banca Múltiple"
},
{
  "_id": {
    "$oid": "661eb4b3e3b92cc1a47b7e20"
  },
  "clave": "BANCO S3",
  "descripcion": "Banco S3 México, S.A., Institución de Banca Múltiple",
  "banco": "BANCO S3 | Banco S3 México, S.A., Institución de Banca Múltiple"
},
{
  "_id": {
    "$oid": "661eb4b3e3b92cc1a47b7e21"
  },
  "clave": "BANSEFI",
  "descripcion": "Banco del Ahorro Nacional y Servicios Financieros, Sociedad Nacional de Crédito, Institución de Banca de Desarrollo",
  "banco": "BANSEFI | Banco del Ahorro Nacional y Servicios Financieros, Sociedad Nacional de Crédito, Institución de Banca de Desarrollo"
},
{
  "_id": {
    "$oid": "661eb4b3e3b92cc1a47b7e22"
  },
  "clave": "HIPOTECARIA FEDERAL",
  "descripcion": "Sociedad Hipotecaria Federal, Sociedad Nacional de Crédito, Institución de Banca de Desarrollo",
  "banco": "HIPOTECARIA FEDERAL | Sociedad Hipotecaria Federal, Sociedad Nacional de Crédito, Institución de Banca de Desarrollo"
},
{
  "_id": {
    "$oid": "661eb4b3e3b92cc1a47b7e23"
  },
  "clave": "MONEXCB",
  "descripcion": "Monex Casa de Bolsa, S.A. de C.V. Monex Grupo Financiero",
  "banco": "MONEXCB | Monex Casa de Bolsa, S.A. de C.V. Monex Grupo Financiero"
},
{
  "_id": {
    "$oid": "661eb4b3e3b92cc1a47b7e24"
  },
  "clave": "GBM",
  "descripcion": "GBM Grupo Bursátil Mexicano, S.A. de C.V. Casa de Bolsa",
  "banco": "GBM | GBM Grupo Bursátil Mexicano, S.A. de C.V. Casa de Bolsa"
},
{
  "_id": {
    "$oid": "661eb4b3e3b92cc1a47b7e25"
  },
  "clave": "MASARI",
  "descripcion": "Masari Casa de Bolsa, S.A.",
  "banco": "MASARI | Masari Casa de Bolsa, S.A."
},
{
  "_id": {
    "$oid": "661eb4b3e3b92cc1a47b7e26"
  },
  "clave": "VALUE",
  "descripcion": "Value, S.A. de C.V. Casa de Bolsa",
  "banco": "VALUE | Value, S.A. de C.V. Casa de Bolsa"
},
{
  "_id": {
    "$oid": "661eb4b3e3b92cc1a47b7e27"
  },
  "clave": "ESTRUCTURADORES",
  "descripcion": "Estructuradores del Mercado de Valores Casa de Bolsa, S.A. de C.V.",
  "banco": "ESTRUCTURADORES | Estructuradores del Mercado de Valores Casa de Bolsa, S.A. de C.V."
},
{
  "_id": {
    "$oid": "661eb4b3e3b92cc1a47b7e28"
  },
  "clave": "TIBER",
  "descripcion": "Casa de Cambio Tiber, S.A. de C.V.",
  "banco": "TIBER | Casa de Cambio Tiber, S.A. de C.V."
},
{
  "_id": {
    "$oid": "661eb4b3e3b92cc1a47b7e29"
  },
  "clave": "VECTOR",
  "descripcion": "Vector Casa de Bolsa, S.A. de C.V.",
  "banco": "VECTOR | Vector Casa de Bolsa, S.A. de C.V."
},
{
  "_id": {
    "$oid": "661eb4b3e3b92cc1a47b7e2a"
  },
  "clave": "B&B",
  "descripcion": "B y B, Casa de Cambio, S.A. de C.V.",
  "banco": "B&B | B y B, Casa de Cambio, S.A. de C.V."
},
{
  "_id": {
    "$oid": "661eb4b3e3b92cc1a47b7e2b"
  },
  "clave": "ACCIVAL",
  "descripcion": "Acciones y Valores Banamex, S.A. de C.V., Casa de Bolsa",
  "banco": "ACCIVAL | Acciones y Valores Banamex, S.A. de C.V., Casa de Bolsa"
},
{
  "_id": {
    "$oid": "661eb4b3e3b92cc1a47b7e2c"
  },
  "clave": "MERRILL LYNCH",
  "descripcion": "Merrill Lynch México, S.A. de C.V. Casa de Bolsa",
  "banco": "MERRILL LYNCH | Merrill Lynch México, S.A. de C.V. Casa de Bolsa"
},
{
  "_id": {
    "$oid": "661eb4b3e3b92cc1a47b7e2d"
  },
  "clave": "FINAMEX",
  "descripcion": "Casa de Bolsa Finamex, S.A. de C.V.",
  "banco": "FINAMEX | Casa de Bolsa Finamex, S.A. de C.V."
},
{
  "_id": {
    "$oid": "661eb4b3e3b92cc1a47b7e2e"
  },
  "clave": "VALMEX",
  "descripcion": "Valores Mexicanos Casa de Bolsa, S.A. de C.V.",
  "banco": "VALMEX | Valores Mexicanos Casa de Bolsa, S.A. de C.V."
},
{
  "_id": {
    "$oid": "661eb4b3e3b92cc1a47b7e2f"
  },
  "clave": "UNICA",
  "descripcion": "Unica Casa de Cambio, S.A. de C.V.",
  "banco": "UNICA | Unica Casa de Cambio, S.A. de C.V."
},
{
  "_id": {
    "$oid": "661eb4b3e3b92cc1a47b7e30"
  },
  "clave": "MAPFRE",
  "descripcion": "MAPFRE Tepeyac, S.A.",
  "banco": "MAPFRE | MAPFRE Tepeyac, S.A."
},
{
  "_id": {
    "$oid": "661eb4b3e3b92cc1a47b7e31"
  },
  "clave": "PROFUTURO",
  "descripcion": "Profuturo G.N.P., S.A. de C.V., Afore",
  "banco": "PROFUTURO | Profuturo G.N.P., S.A. de C.V., Afore"
},
{
  "_id": {
    "$oid": "661eb4b3e3b92cc1a47b7e32"
  },
  "clave": "CB ACTINVER",
  "descripcion": "Actinver Casa de Bolsa, S.A. de C.V.",
  "banco": "CB ACTINVER | Actinver Casa de Bolsa, S.A. de C.V."
},
{
  "_id": {
    "$oid": "661eb4b3e3b92cc1a47b7e33"
  },
  "clave": "OACTIN",
  "descripcion": "OPERADORA ACTINVER, S.A. DE C.V.",
  "banco": "OACTIN | OPERADORA ACTINVER, S.A. DE C.V."
},
{
  "_id": {
    "$oid": "661eb4b3e3b92cc1a47b7e34"
  },
  "clave": "SKANDIA",
  "descripcion": "Skandia Vida, S.A. de C.V.",
  "banco": "SKANDIA | Skandia Vida, S.A. de C.V."
},
{
  "_id": {
    "$oid": "661eb4b3e3b92cc1a47b7e35"
  },
  "clave": "CBDEUTSCHE",
  "descripcion": "Deutsche Securities, S.A. de C.V. CASA DE BOLSA",
  "banco": "CBDEUTSCHE | Deutsche Securities, S.A. de C.V. CASA DE BOLSA"
},
{
  "_id": {
    "$oid": "661eb4b3e3b92cc1a47b7e36"
  },
  "clave": "ZURICH",
  "descripcion": "Zurich Compañía de Seguros, S.A.",
  "banco": "ZURICH | Zurich Compañía de Seguros, S.A."
},
{
  "_id": {
    "$oid": "661eb4b3e3b92cc1a47b7e37"
  },
  "clave": "ZURICHVI",
  "descripcion": "Zurich Vida, Compañía de Seguros, S.A.",
  "banco": "ZURICHVI | Zurich Vida, Compañía de Seguros, S.A."
},
{
  "_id": {
    "$oid": "661eb4b3e3b92cc1a47b7e38"
  },
  "clave": "SU CASITA",
  "descripcion": "Hipotecaria Su Casita, S.A. de C.V. SOFOM ENR",
  "banco": "SU CASITA | Hipotecaria Su Casita, S.A. de C.V. SOFOM ENR"
},
{
  "_id": {
    "$oid": "661eb4b3e3b92cc1a47b7e39"
  },
  "clave": "CB INTERCAM",
  "descripcion": "Intercam Casa de Bolsa, S.A. de C.V.",
  "banco": "CB INTERCAM | Intercam Casa de Bolsa, S.A. de C.V."
},
{
  "_id": {
    "$oid": "661eb4b3e3b92cc1a47b7e3a"
  },
  "clave": "CI BOLSA",
  "descripcion": "CI Casa de Bolsa, S.A. de C.V.",
  "banco": "CI BOLSA | CI Casa de Bolsa, S.A. de C.V."
},
{
  "_id": {
    "$oid": "661eb4b3e3b92cc1a47b7e3b"
  },
  "clave": "BULLTICK CB",
  "descripcion": "Bulltick Casa de Bolsa, S.A., de C.V.",
  "banco": "BULLTICK CB | Bulltick Casa de Bolsa, S.A., de C.V."
},
{
  "_id": {
    "$oid": "661eb4b3e3b92cc1a47b7e3c"
  },
  "clave": "STERLING",
  "descripcion": "Sterling Casa de Cambio, S.A. de C.V.",
  "banco": "STERLING | Sterling Casa de Cambio, S.A. de C.V."
},
{
  "_id": {
    "$oid": "661eb4b3e3b92cc1a47b7e3d"
  },
  "clave": "FINCOMUN",
  "descripcion": "Fincomún, Servicios Financieros Comunitarios, S.A. de C.V.",
  "banco": "FINCOMUN | Fincomún, Servicios Financieros Comunitarios, S.A. de C.V."
},
{
  "_id": {
    "$oid": "661eb4b3e3b92cc1a47b7e3e"
  },
  "clave": "HDI SEGUROS",
  "descripcion": "HDI Seguros, S.A. de C.V.",
  "banco": "HDI SEGUROS | HDI Seguros, S.A. de C.V."
},
{
  "_id": {
    "$oid": "661eb4b3e3b92cc1a47b7e3f"
  },
  "clave": "ORDER",
  "descripcion": "Order Express Casa de Cambio, S.A. de C.V",
  "banco": "ORDER | Order Express Casa de Cambio, S.A. de C.V"
},
{
  "_id": {
    "$oid": "661eb4b3e3b92cc1a47b7e40"
  },
  "clave": "AKALA",
  "descripcion": "Akala, S.A. de C.V., Sociedad Financiera Popular",
  "banco": "AKALA | Akala, S.A. de C.V., Sociedad Financiera Popular"
},
{
  "_id": {
    "$oid": "661eb4b3e3b92cc1a47b7e41"
  },
  "clave": "CB JPMORGAN",
  "descripcion": "J.P. Morgan Casa de Bolsa, S.A. de C.V. J.P. Morgan Grupo Financiero",
  "banco": "CB JPMORGAN | J.P. Morgan Casa de Bolsa, S.A. de C.V. J.P. Morgan Grupo Financiero"
},
{
  "_id": {
    "$oid": "661eb4b3e3b92cc1a47b7e42"
  },
  "clave": "REFORMA",
  "descripcion": "Operadora de Recursos Reforma, S.A. de C.V., S.F.P.",
  "banco": "REFORMA | Operadora de Recursos Reforma, S.A. de C.V., S.F.P."
},
{
  "_id": {
    "$oid": "661eb4b3e3b92cc1a47b7e43"
  },
  "clave": "STP",
  "descripcion": "Sistema de Transferencias y Pagos STP, S.A. de C.V.SOFOM ENR",
  "banco": "STP | Sistema de Transferencias y Pagos STP, S.A. de C.V.SOFOM ENR"
},
{
  "_id": {
    "$oid": "661eb4b3e3b92cc1a47b7e44"
  },
  "clave": "TELECOMM",
  "descripcion": "Telecomunicaciones de México",
  "banco": "TELECOMM | Telecomunicaciones de México"
},
{
  "_id": {
    "$oid": "661eb4b3e3b92cc1a47b7e45"
  },
  "clave": "EVERCORE",
  "descripcion": "Evercore Casa de Bolsa, S.A. de C.V.",
  "banco": "EVERCORE | Evercore Casa de Bolsa, S.A. de C.V."
},
{
  "_id": {
    "$oid": "661eb4b3e3b92cc1a47b7e46"
  },
  "clave": "SKANDIA",
  "descripcion": "Skandia Operadora de Fondos, S.A. de C.V.",
  "banco": "SKANDIA | Skandia Operadora de Fondos, S.A. de C.V."
},
{
  "_id": {
    "$oid": "661eb4b3e3b92cc1a47b7e47"
  },
  "clave": "SEGMTY",
  "descripcion": "Seguros Monterrey New York Life, S.A de C.V",
  "banco": "SEGMTY | Seguros Monterrey New York Life, S.A de C.V"
},
{
  "_id": {
    "$oid": "661eb4b3e3b92cc1a47b7e48"
  },
  "clave": "ASEA",
  "descripcion": "Solución Asea, S.A. de C.V., Sociedad Financiera Popular",
  "banco": "ASEA | Solución Asea, S.A. de C.V., Sociedad Financiera Popular"
},
{
  "_id": {
    "$oid": "661eb4b3e3b92cc1a47b7e49"
  },
  "clave": "KUSPIT",
  "descripcion": "Kuspit Casa de Bolsa, S.A. de C.V.",
  "banco": "KUSPIT | Kuspit Casa de Bolsa, S.A. de C.V."
},
{
  "_id": {
    "$oid": "661eb4b3e3b92cc1a47b7e4a"
  },
  "clave": "SOFIEXPRESS",
  "descripcion": "J.P. SOFIEXPRESS, S.A. de C.V., S.F.P.",
  "banco": "SOFIEXPRESS | J.P. SOFIEXPRESS, S.A. de C.V., S.F.P."
},
{
  "_id": {
    "$oid": "661eb4b3e3b92cc1a47b7e4b"
  },
  "clave": "UNAGRA",
  "descripcion": "UNAGRA, S.A. de C.V., S.F.P.",
  "banco": "UNAGRA | UNAGRA, S.A. de C.V., S.F.P."
},
{
  "_id": {
    "$oid": "661eb4b3e3b92cc1a47b7e4c"
  },
  "clave": "OPCIONES EMPRESARIALES DEL NOROESTE",
  "descripcion": "OPCIONES EMPRESARIALES DEL NORESTE, S.A. DE C.V., S.F.P.",
  "banco": "OPCIONES EMPRESARIALES DEL NOROESTE | OPCIONES EMPRESARIALES DEL NORESTE, S.A. DE C.V., S.F.P."
},
{
  "_id": {
    "$oid": "661eb4b3e3b92cc1a47b7e4d"
  },
  "clave": "LIBERTAD",
  "descripcion": "Libertad Servicios Financieros, S.A. De C.V.",
  "banco": "LIBERTAD | Libertad Servicios Financieros, S.A. De C.V."
},
{
  "_id": {
    "$oid": "661eb4b3e3b92cc1a47b7e4e"
  },
  "clave": "CLS",
  "descripcion": "Cls Bank International",
  "banco": "CLS | Cls Bank International"
},
{
  "_id": {
    "$oid": "661eb4b3e3b92cc1a47b7e4f"
  },
  "clave": "INDEVAL",
  "descripcion": "SD. Indeval, S.A. de C.V.",
  "banco": "INDEVAL | SD. Indeval, S.A. de C.V."
}]