[{
  "_id": {
    "$oid": "658e053743262654d96c8293"
  },
  "clave": "Tu",
  "descripcion": "Contenedor externo"
},
{
  "_id": {
    "$oid": "658e053743262654d96c8294"
  },
  "clave": "X1A",
  "descripcion": "Tambor de acero"
},
{
  "_id": {
    "$oid": "658e053743262654d96c8295"
  },
  "clave": "X1B",
  "descripcion": "Tambor de aluminio"
},
{
  "_id": {
    "$oid": "658e053743262654d96c8296"
  },
  "clave": "X1D",
  "descripcion": "Tambor contrachapado"
},
{
  "_id": {
    "$oid": "658e053743262654d96c8297"
  },
  "clave": "X1F",
  "descripcion": "Contenedor flexible"
},
{
  "_id": {
    "$oid": "658e053743262654d96c8298"
  },
  "clave": "X1G",
  "descripcion": "Tambor de fibra"
},
{
  "_id": {
    "$oid": "658e053743262654d96c8299"
  },
  "clave": "X1w",
  "descripcion": "Tambor de madera"
},
{
  "_id": {
    "$oid": "658e053743262654d96c829a"
  },
  "clave": "X2C",
  "descripcion": "Barril de madera"
},
{
  "_id": {
    "$oid": "658e053743262654d96c829b"
  },
  "clave": "X3A",
  "descripcion": "Bidón de acero"
},
{
  "_id": {
    "$oid": "658e053743262654d96c829c"
  },
  "clave": "X3H",
  "descripcion": "Bidón de plástico"
},
{
  "_id": {
    "$oid": "658e053743262654d96c829d"
  },
  "clave": "X43",
  "descripcion": "Bolsa de gran tamaño"
},
{
  "_id": {
    "$oid": "658e053743262654d96c829e"
  },
  "clave": "X44",
  "descripcion": "Bolsa de plástico"
},
{
  "_id": {
    "$oid": "658e053743262654d96c829f"
  },
  "clave": "X4A",
  "descripcion": "Caja de acero"
},
{
  "_id": {
    "$oid": "658e053743262654d96c82a0"
  },
  "clave": "X4B",
  "descripcion": "Caja de aluminio"
},
{
  "_id": {
    "$oid": "658e053743262654d96c82a1"
  },
  "clave": "X4C",
  "descripcion": "Caja de  madera natural"
},
{
  "_id": {
    "$oid": "658e053743262654d96c82a2"
  },
  "clave": "X4D",
  "descripcion": "Caja de contrachapado"
},
{
  "_id": {
    "$oid": "658e053743262654d96c82a3"
  },
  "clave": "X4F",
  "descripcion": "Caja de madera reconstituida"
},
{
  "_id": {
    "$oid": "658e053743262654d96c82a4"
  },
  "clave": "X4G",
  "descripcion": "Caja de cartón"
},
{
  "_id": {
    "$oid": "658e053743262654d96c82a5"
  },
  "clave": "X4H",
  "descripcion": "Caja de plástico"
},
{
  "_id": {
    "$oid": "658e053743262654d96c82a6"
  },
  "clave": "X5H",
  "descripcion": "Bolsa de plástico tejido"
},
{
  "_id": {
    "$oid": "658e053743262654d96c82a7"
  },
  "clave": "X5L",
  "descripcion": "Bolsa textil"
},
{
  "_id": {
    "$oid": "658e053743262654d96c82a8"
  },
  "clave": "X5M",
  "descripcion": "Bolsa de papel"
},
{
  "_id": {
    "$oid": "658e053743262654d96c82a9"
  },
  "clave": "X6H",
  "descripcion": "Recipiente de plástico, Contenedor compuesto."
},
{
  "_id": {
    "$oid": "658e053743262654d96c82aa"
  },
  "clave": "X6P",
  "descripcion": "Recipiente de vidrio, Contenedor compuesto."
},
{
  "_id": {
    "$oid": "658e053743262654d96c82ab"
  },
  "clave": "X7A",
  "descripcion": "Estuche para carro"
},
{
  "_id": {
    "$oid": "658e053743262654d96c82ac"
  },
  "clave": "X7B",
  "descripcion": "Estuche de madera"
},
{
  "_id": {
    "$oid": "658e053743262654d96c82ad"
  },
  "clave": "X8A",
  "descripcion": "Pallet de madera"
},
{
  "_id": {
    "$oid": "658e053743262654d96c82ae"
  },
  "clave": "X8B",
  "descripcion": "Cajón de madera"
},
{
  "_id": {
    "$oid": "658e053743262654d96c82af"
  },
  "clave": "X8C",
  "descripcion": "Madera flejada"
},
{
  "_id": {
    "$oid": "658e053743262654d96c82b0"
  },
  "clave": "XAA",
  "descripcion": "Contenedor intermedio  para gráneles de plástico rígido"
},
{
  "_id": {
    "$oid": "658e053743262654d96c82b1"
  },
  "clave": "XAB",
  "descripcion": "Contenedor de fibra"
},
{
  "_id": {
    "$oid": "658e053743262654d96c82b2"
  },
  "clave": "XAC",
  "descripcion": "Contenedor de papel"
},
{
  "_id": {
    "$oid": "658e053743262654d96c82b3"
  },
  "clave": "XAD",
  "descripcion": "Contenedor de madera"
},
{
  "_id": {
    "$oid": "658e053743262654d96c82b4"
  },
  "clave": "XAE",
  "descripcion": "Aerosol"
},
{
  "_id": {
    "$oid": "658e053743262654d96c82b5"
  },
  "clave": "XAF",
  "descripcion": "Pallet modular con collares,  80cms * 60cms"
},
{
  "_id": {
    "$oid": "658e053743262654d96c82b6"
  },
  "clave": "XAG",
  "descripcion": "Pallet o empaquetado"
},
{
  "_id": {
    "$oid": "658e053743262654d96c82b7"
  },
  "clave": "XAH",
  "descripcion": "Pallet, 100cms X 110cms"
},
{
  "_id": {
    "$oid": "658e053743262654d96c82b8"
  },
  "clave": "XAI",
  "descripcion": "Contenedor tipo concha"
},
{
  "_id": {
    "$oid": "658e053743262654d96c82b9"
  },
  "clave": "XAJ",
  "descripcion": "Cono"
},
{
  "_id": {
    "$oid": "658e053743262654d96c82ba"
  },
  "clave": "XAL",
  "descripcion": "Esfera"
},
{
  "_id": {
    "$oid": "658e053743262654d96c82bb"
  },
  "clave": "XAM",
  "descripcion": "Ampolleta no protegida"
},
{
  "_id": {
    "$oid": "658e053743262654d96c82bc"
  },
  "clave": "XAP",
  "descripcion": "Ampolleta protegida"
},
{
  "_id": {
    "$oid": "658e053743262654d96c82bd"
  },
  "clave": "XAT",
  "descripcion": "Atomizador"
},
{
  "_id": {
    "$oid": "658e053743262654d96c82be"
  },
  "clave": "XAV",
  "descripcion": "Cápsula"
},
{
  "_id": {
    "$oid": "658e053743262654d96c82bf"
  },
  "clave": "XB4",
  "descripcion": "Cinturón"
},
{
  "_id": {
    "$oid": "658e053743262654d96c82c0"
  },
  "clave": "XBA",
  "descripcion": "Barril"
},
{
  "_id": {
    "$oid": "658e053743262654d96c82c1"
  },
  "clave": "XBB",
  "descripcion": "Bobina"
},
{
  "_id": {
    "$oid": "658e053743262654d96c82c2"
  },
  "clave": "XBC",
  "descripcion": "Cajón para botellas / Estante para botellas"
},
{
  "_id": {
    "$oid": "658e053743262654d96c82c3"
  },
  "clave": "XBD",
  "descripcion": "Tablero"
},
{
  "_id": {
    "$oid": "658e053743262654d96c82c4"
  },
  "clave": "XBE",
  "descripcion": "Flejado"
},
{
  "_id": {
    "$oid": "658e053743262654d96c82c5"
  },
  "clave": "XBF",
  "descripcion": "Globo no protegido"
},
{
  "_id": {
    "$oid": "658e053743262654d96c82c6"
  },
  "clave": "XBG",
  "descripcion": "Bolso"
},
{
  "_id": {
    "$oid": "658e053743262654d96c82c7"
  },
  "clave": "XBH",
  "descripcion": "Manojo"
},
{
  "_id": {
    "$oid": "658e053743262654d96c82c8"
  },
  "clave": "XBI",
  "descripcion": "Compartimiento"
},
{
  "_id": {
    "$oid": "658e053743262654d96c82c9"
  },
  "clave": "XBJ",
  "descripcion": "Cubeta"
},
{
  "_id": {
    "$oid": "658e053743262654d96c82ca"
  },
  "clave": "XBK",
  "descripcion": "Cesta"
},
{
  "_id": {
    "$oid": "658e053743262654d96c82cb"
  },
  "clave": "XBL",
  "descripcion": "Paca comprimida"
},
{
  "_id": {
    "$oid": "658e053743262654d96c82cc"
  },
  "clave": "XBM",
  "descripcion": "Cuenco"
},
{
  "_id": {
    "$oid": "658e053743262654d96c82cd"
  },
  "clave": "XBN",
  "descripcion": "Paca no comprimida"
},
{
  "_id": {
    "$oid": "658e053743262654d96c82ce"
  },
  "clave": "XBO",
  "descripcion": "Botella no-protegida y cilíndrica"
},
{
  "_id": {
    "$oid": "658e053743262654d96c82cf"
  },
  "clave": "XBP",
  "descripcion": "Globo protegido"
},
{
  "_id": {
    "$oid": "658e053743262654d96c82d0"
  },
  "clave": "XBQ",
  "descripcion": "Botella cilíndrica protegida"
},
{
  "_id": {
    "$oid": "658e053743262654d96c82d1"
  },
  "clave": "XBR",
  "descripcion": "Barra"
},
{
  "_id": {
    "$oid": "658e053743262654d96c82d2"
  },
  "clave": "XBS",
  "descripcion": "Botella, no-protegida en forma de bulbo"
},
{
  "_id": {
    "$oid": "658e053743262654d96c82d3"
  },
  "clave": "XBT",
  "descripcion": "Rollo de tela"
},
{
  "_id": {
    "$oid": "658e053743262654d96c82d4"
  },
  "clave": "XBU",
  "descripcion": "Butt"
},
{
  "_id": {
    "$oid": "658e053743262654d96c82d5"
  },
  "clave": "XBV",
  "descripcion": "Botella de bulbo protegido"
},
{
  "_id": {
    "$oid": "658e053743262654d96c82d6"
  },
  "clave": "XBW",
  "descripcion": "Caja para líquidos"
},
{
  "_id": {
    "$oid": "658e053743262654d96c82d7"
  },
  "clave": "XBX",
  "descripcion": "Caja"
},
{
  "_id": {
    "$oid": "658e053743262654d96c82d8"
  },
  "clave": "XBY",
  "descripcion": "Tablero, con fleje/ agrupados/ armados"
},
{
  "_id": {
    "$oid": "658e053743262654d96c82d9"
  },
  "clave": "XBZ",
  "descripcion": "Barras, con fleje/ agrupados/ armados"
},
{
  "_id": {
    "$oid": "658e053743262654d96c82da"
  },
  "clave": "XCA",
  "descripcion": "Lata rectangular"
},
{
  "_id": {
    "$oid": "658e053743262654d96c82db"
  },
  "clave": "XCB",
  "descripcion": "Cajón para cerveza"
},
{
  "_id": {
    "$oid": "658e053743262654d96c82dc"
  },
  "clave": "XCC",
  "descripcion": "Mantequera"
},
{
  "_id": {
    "$oid": "658e053743262654d96c82dd"
  },
  "clave": "XCD",
  "descripcion": "Lata con mango y boquilla"
},
{
  "_id": {
    "$oid": "658e053743262654d96c82de"
  },
  "clave": "XCE",
  "descripcion": "Cesto tejido"
},
{
  "_id": {
    "$oid": "658e053743262654d96c82df"
  },
  "clave": "XCF",
  "descripcion": "Cofre"
},
{
  "_id": {
    "$oid": "658e053743262654d96c82e0"
  },
  "clave": "XCG",
  "descripcion": "Contenedor tipo Jaula"
},
{
  "_id": {
    "$oid": "658e053743262654d96c82e1"
  },
  "clave": "XCH",
  "descripcion": "Cajonera"
},
{
  "_id": {
    "$oid": "658e053743262654d96c82e2"
  },
  "clave": "XCI",
  "descripcion": "Frasco"
},
{
  "_id": {
    "$oid": "658e053743262654d96c82e3"
  },
  "clave": "XCJ",
  "descripcion": "Ataúd"
},
{
  "_id": {
    "$oid": "658e053743262654d96c82e4"
  },
  "clave": "XCK",
  "descripcion": "Barrica"
},
{
  "_id": {
    "$oid": "658e053743262654d96c82e5"
  },
  "clave": "XCL",
  "descripcion": "Espiral"
},
{
  "_id": {
    "$oid": "658e053743262654d96c82e6"
  },
  "clave": "XCM",
  "descripcion": "Paquete de tarjetas"
},
{
  "_id": {
    "$oid": "658e053743262654d96c82e7"
  },
  "clave": "XCN",
  "descripcion": "Contenedor, no especificado como equipo de transporte"
},
{
  "_id": {
    "$oid": "658e053743262654d96c82e8"
  },
  "clave": "XCO",
  "descripcion": "Garrafón no protegido"
},
{
  "_id": {
    "$oid": "658e053743262654d96c82e9"
  },
  "clave": "XCP",
  "descripcion": "Garrafón protegido"
},
{
  "_id": {
    "$oid": "658e053743262654d96c82ea"
  },
  "clave": "XCQ",
  "descripcion": "Cartucho"
},
{
  "_id": {
    "$oid": "658e053743262654d96c82eb"
  },
  "clave": "XCR",
  "descripcion": "Cajón"
},
{
  "_id": {
    "$oid": "658e053743262654d96c82ec"
  },
  "clave": "XCS",
  "descripcion": "Estuche"
},
{
  "_id": {
    "$oid": "658e053743262654d96c82ed"
  },
  "clave": "XCT",
  "descripcion": "Cartón"
},
{
  "_id": {
    "$oid": "658e053743262654d96c82ee"
  },
  "clave": "XCU",
  "descripcion": "Vaso"
},
{
  "_id": {
    "$oid": "658e053743262654d96c82ef"
  },
  "clave": "XCV",
  "descripcion": "Cubierta"
},
{
  "_id": {
    "$oid": "658e053743262654d96c82f0"
  },
  "clave": "XCW",
  "descripcion": "Jaula estilo rodillo"
},
{
  "_id": {
    "$oid": "658e053743262654d96c82f1"
  },
  "clave": "XCX",
  "descripcion": "Lata cilíndrica"
},
{
  "_id": {
    "$oid": "658e053743262654d96c82f2"
  },
  "clave": "XCY",
  "descripcion": "Cilindro"
},
{
  "_id": {
    "$oid": "658e053743262654d96c82f3"
  },
  "clave": "XCZ",
  "descripcion": "Lona"
},
{
  "_id": {
    "$oid": "658e053743262654d96c82f4"
  },
  "clave": "XDA",
  "descripcion": "Cajón multicapa de plástico"
},
{
  "_id": {
    "$oid": "658e053743262654d96c82f5"
  },
  "clave": "XDB",
  "descripcion": "Cajón de varias capas de madera"
},
{
  "_id": {
    "$oid": "658e053743262654d96c82f6"
  },
  "clave": "XDC",
  "descripcion": "Cajón multicapa de cartón"
},
{
  "_id": {
    "$oid": "658e053743262654d96c82f7"
  },
  "clave": "XDG",
  "descripcion": "Jaula, Según la clasificación de la compañía (Commonwealth Handling Equipment Pool (CHEP))"
},
{
  "_id": {
    "$oid": "658e053743262654d96c82f8"
  },
  "clave": "XDH",
  "descripcion": "Caja, Según la clasificación de la compañía (CHEP), Eurobox"
},
{
  "_id": {
    "$oid": "658e053743262654d96c82f9"
  },
  "clave": "XDI",
  "descripcion": "Tambor de hierro"
},
{
  "_id": {
    "$oid": "658e053743262654d96c82fa"
  },
  "clave": "XDJ",
  "descripcion": "damajuana o garrafa, no protegido"
},
{
  "_id": {
    "$oid": "658e053743262654d96c82fb"
  },
  "clave": "XDK",
  "descripcion": "Cajón a granel, cartón"
},
{
  "_id": {
    "$oid": "658e053743262654d96c82fc"
  },
  "clave": "XDL",
  "descripcion": "Cajas de plástico"
},
{
  "_id": {
    "$oid": "658e053743262654d96c82fd"
  },
  "clave": "XDM",
  "descripcion": "Cajones a granel de madera"
},
{
  "_id": {
    "$oid": "658e053743262654d96c82fe"
  },
  "clave": "XDN",
  "descripcion": "Dispensador"
},
{
  "_id": {
    "$oid": "658e053743262654d96c82ff"
  },
  "clave": "XDP",
  "descripcion": "damajuana o garrafa, protegido"
},
{
  "_id": {
    "$oid": "658e053743262654d96c8300"
  },
  "clave": "XDR",
  "descripcion": "Tambor"
},
{
  "_id": {
    "$oid": "658e053743262654d96c8301"
  },
  "clave": "XDS",
  "descripcion": "Bandeja de una capa sin cubierta y de plástico"
},
{
  "_id": {
    "$oid": "658e053743262654d96c8302"
  },
  "clave": "XDT",
  "descripcion": "Bandeja de una capa sin cubierta y de madera"
},
{
  "_id": {
    "$oid": "658e053743262654d96c8303"
  },
  "clave": "XDU",
  "descripcion": "Bandeja de una capa sin cubierta y  poliestireno"
},
{
  "_id": {
    "$oid": "658e053743262654d96c8304"
  },
  "clave": "XDV",
  "descripcion": "Bandeja de una capa sin cubierta y de cartón"
},
{
  "_id": {
    "$oid": "658e053743262654d96c8305"
  },
  "clave": "XDW",
  "descripcion": "Bandeja de dos capas sin tapa y con bandeja de plástico"
},
{
  "_id": {
    "$oid": "658e053743262654d96c8306"
  },
  "clave": "XDX",
  "descripcion": "Bandeja de dos capas sin cubierta y de madera"
},
{
  "_id": {
    "$oid": "658e053743262654d96c8307"
  },
  "clave": "XDY",
  "descripcion": "Bandeja de dos capas sin cubierta y de cartón"
},
{
  "_id": {
    "$oid": "658e053743262654d96c8308"
  },
  "clave": "XEC",
  "descripcion": "Bolsa de plástico"
},
{
  "_id": {
    "$oid": "658e053743262654d96c8309"
  },
  "clave": "XED",
  "descripcion": "Estuche, con pallet de base"
},
{
  "_id": {
    "$oid": "658e053743262654d96c830a"
  },
  "clave": "XEE",
  "descripcion": "Estuche, con pallet base de madera"
},
{
  "_id": {
    "$oid": "658e053743262654d96c830b"
  },
  "clave": "XEF",
  "descripcion": "Estuche, con pallet base de cartón"
},
{
  "_id": {
    "$oid": "658e053743262654d96c830c"
  },
  "clave": "XEG",
  "descripcion": "Estuche, con pallet base de plástico"
},
{
  "_id": {
    "$oid": "658e053743262654d96c830d"
  },
  "clave": "XEH",
  "descripcion": "Estuche, con pallet base de metal"
},
{
  "_id": {
    "$oid": "658e053743262654d96c830e"
  },
  "clave": "XEI",
  "descripcion": "Estuche isotérmico"
},
{
  "_id": {
    "$oid": "658e053743262654d96c830f"
  },
  "clave": "XEN",
  "descripcion": "Sobre"
},
{
  "_id": {
    "$oid": "658e053743262654d96c8310"
  },
  "clave": "XFB",
  "descripcion": "Bolsa flexible"
},
{
  "_id": {
    "$oid": "658e053743262654d96c8311"
  },
  "clave": "XFC",
  "descripcion": "Cajón para fruta"
},
{
  "_id": {
    "$oid": "658e053743262654d96c8312"
  },
  "clave": "XFD",
  "descripcion": "Cajón enmarcado"
},
{
  "_id": {
    "$oid": "658e053743262654d96c8313"
  },
  "clave": "XFE",
  "descripcion": "Tanque flexible"
},
{
  "_id": {
    "$oid": "658e053743262654d96c8314"
  },
  "clave": "XFI",
  "descripcion": "Firkin"
},
{
  "_id": {
    "$oid": "658e053743262654d96c8315"
  },
  "clave": "XFL",
  "descripcion": "Matraz"
},
{
  "_id": {
    "$oid": "658e053743262654d96c8316"
  },
  "clave": "XFO",
  "descripcion": "Cajón para zapatos"
},
{
  "_id": {
    "$oid": "658e053743262654d96c8317"
  },
  "clave": "XFP",
  "descripcion": "Caja auxiliar para película fotográfica"
},
{
  "_id": {
    "$oid": "658e053743262654d96c8318"
  },
  "clave": "XFR",
  "descripcion": "Marco"
},
{
  "_id": {
    "$oid": "658e053743262654d96c8319"
  },
  "clave": "XFT",
  "descripcion": "Contenedor para alimentos"
},
{
  "_id": {
    "$oid": "658e053743262654d96c831a"
  },
  "clave": "XFW",
  "descripcion": "Carro de cama plana"
},
{
  "_id": {
    "$oid": "658e053743262654d96c831b"
  },
  "clave": "XFX",
  "descripcion": "Bolsa flexible tipo contenedor"
},
{
  "_id": {
    "$oid": "658e053743262654d96c831c"
  },
  "clave": "XGB",
  "descripcion": "Botella para gas"
},
{
  "_id": {
    "$oid": "658e053743262654d96c831d"
  },
  "clave": "XGI",
  "descripcion": "Viga"
},
{
  "_id": {
    "$oid": "658e053743262654d96c831e"
  },
  "clave": "XGL",
  "descripcion": "Contenedor tipo galón"
},
{
  "_id": {
    "$oid": "658e053743262654d96c831f"
  },
  "clave": "XGR",
  "descripcion": "Recipiente de vidrio"
},
{
  "_id": {
    "$oid": "658e053743262654d96c8320"
  },
  "clave": "XGU",
  "descripcion": "Bandeja contenedor para apilar horizontalmente objetos planos"
},
{
  "_id": {
    "$oid": "658e053743262654d96c8321"
  },
  "clave": "XGY",
  "descripcion": "Costal de Yute"
},
{
  "_id": {
    "$oid": "658e053743262654d96c8322"
  },
  "clave": "XGZ",
  "descripcion": "Vigas con correas o agrupadas"
},
{
  "_id": {
    "$oid": "658e053743262654d96c8323"
  },
  "clave": "XHA",
  "descripcion": "Cesta con mango y de plástico"
},
{
  "_id": {
    "$oid": "658e053743262654d96c8324"
  },
  "clave": "XHB",
  "descripcion": "Cesta con mango y de madera"
},
{
  "_id": {
    "$oid": "658e053743262654d96c8325"
  },
  "clave": "XHC",
  "descripcion": "Cesta  con asa y de  cartón"
},
{
  "_id": {
    "$oid": "658e053743262654d96c8326"
  },
  "clave": "XHG",
  "descripcion": "Hogshead"
},
{
  "_id": {
    "$oid": "658e053743262654d96c8327"
  },
  "clave": "XHN",
  "descripcion": "Gancho"
},
{
  "_id": {
    "$oid": "658e053743262654d96c8328"
  },
  "clave": "XHR",
  "descripcion": "Cesto"
},
{
  "_id": {
    "$oid": "658e053743262654d96c8329"
  },
  "clave": "XIA",
  "descripcion": "Paquete con pantalla y de madera"
},
{
  "_id": {
    "$oid": "658e053743262654d96c832a"
  },
  "clave": "XIB",
  "descripcion": "Paquete  con pantalla y de cartón"
},
{
  "_id": {
    "$oid": "658e053743262654d96c832b"
  },
  "clave": "XIC",
  "descripcion": "Paquete con pantalla y de plástico"
},
{
  "_id": {
    "$oid": "658e053743262654d96c832c"
  },
  "clave": "XID",
  "descripcion": "Paquete con pantalla y de metal"
},
{
  "_id": {
    "$oid": "658e053743262654d96c832d"
  },
  "clave": "XIE",
  "descripcion": "Paquete de mostrador."
},
{
  "_id": {
    "$oid": "658e053743262654d96c832e"
  },
  "clave": "XIF",
  "descripcion": "Envase para alimentos"
},
{
  "_id": {
    "$oid": "658e053743262654d96c832f"
  },
  "clave": "XIG",
  "descripcion": "Paquete envuelto en papel"
},
{
  "_id": {
    "$oid": "658e053743262654d96c8330"
  },
  "clave": "XIH",
  "descripcion": "Tambor de plástico"
},
{
  "_id": {
    "$oid": "658e053743262654d96c8331"
  },
  "clave": "XIK",
  "descripcion": "Paquete de cartón con los agujeros para botellas"
},
{
  "_id": {
    "$oid": "658e053743262654d96c8332"
  },
  "clave": "XIL",
  "descripcion": "Bandeja rígida con tapa y apilable (CEN TS 14482: 2002)"
},
{
  "_id": {
    "$oid": "658e053743262654d96c8333"
  },
  "clave": "XIN",
  "descripcion": "Lingote"
},
{
  "_id": {
    "$oid": "658e053743262654d96c8334"
  },
  "clave": "XIZ",
  "descripcion": "Lingotes  con correas/ agrupados"
},
{
  "_id": {
    "$oid": "658e053743262654d96c8335"
  },
  "clave": "XJB",
  "descripcion": "Bolsa jumbo"
},
{
  "_id": {
    "$oid": "658e053743262654d96c8336"
  },
  "clave": "XJC",
  "descripcion": "Bidón rectangular"
},
{
  "_id": {
    "$oid": "658e053743262654d96c8337"
  },
  "clave": "XJG",
  "descripcion": "Jarra"
},
{
  "_id": {
    "$oid": "658e053743262654d96c8338"
  },
  "clave": "XJR",
  "descripcion": "Tarro"
},
{
  "_id": {
    "$oid": "658e053743262654d96c8339"
  },
  "clave": "XJT",
  "descripcion": "Bolsa de yute"
},
{
  "_id": {
    "$oid": "658e053743262654d96c833a"
  },
  "clave": "XJY",
  "descripcion": "Bidón, cilíndrico"
},
{
  "_id": {
    "$oid": "658e053743262654d96c833b"
  },
  "clave": "XKG",
  "descripcion": "Barrilete"
},
{
  "_id": {
    "$oid": "658e053743262654d96c833c"
  },
  "clave": "XKI",
  "descripcion": "Kit (Conjunto de piezas)"
},
{
  "_id": {
    "$oid": "658e053743262654d96c833d"
  },
  "clave": "XLE",
  "descripcion": "Valijas"
},
{
  "_id": {
    "$oid": "658e053743262654d96c833e"
  },
  "clave": "XLG",
  "descripcion": "Bitácora"
},
{
  "_id": {
    "$oid": "658e053743262654d96c833f"
  },
  "clave": "XLT",
  "descripcion": "Lote"
},
{
  "_id": {
    "$oid": "658e053743262654d96c8340"
  },
  "clave": "XLU",
  "descripcion": "Caja de arrastre"
},
{
  "_id": {
    "$oid": "658e053743262654d96c8341"
  },
  "clave": "XLV",
  "descripcion": "Contenedor pequeño"
},
{
  "_id": {
    "$oid": "658e053743262654d96c8342"
  },
  "clave": "XLZ",
  "descripcion": "Registros  con fleje/ agrupados/ armados"
},
{
  "_id": {
    "$oid": "658e053743262654d96c8343"
  },
  "clave": "XMA",
  "descripcion": "Cajón metálico"
},
{
  "_id": {
    "$oid": "658e053743262654d96c8344"
  },
  "clave": "XMB",
  "descripcion": "Múltiplo de bolsas"
},
{
  "_id": {
    "$oid": "658e053743262654d96c8345"
  },
  "clave": "XMC",
  "descripcion": "Cajón para leche"
},
{
  "_id": {
    "$oid": "658e053743262654d96c8346"
  },
  "clave": "XME",
  "descripcion": "Contenedor de metal"
},
{
  "_id": {
    "$oid": "658e053743262654d96c8347"
  },
  "clave": "XMR",
  "descripcion": "Recipiente de metal"
},
{
  "_id": {
    "$oid": "658e053743262654d96c8348"
  },
  "clave": "XMS",
  "descripcion": "Saco milti-pared"
},
{
  "_id": {
    "$oid": "658e053743262654d96c8349"
  },
  "clave": "XMT",
  "descripcion": "Tapete"
},
{
  "_id": {
    "$oid": "658e053743262654d96c834a"
  },
  "clave": "XMW",
  "descripcion": "Contenedor envuelto en plástico"
},
{
  "_id": {
    "$oid": "658e053743262654d96c834b"
  },
  "clave": "XMX",
  "descripcion": "Caja pequeña de cerillos"
},
{
  "_id": {
    "$oid": "658e053743262654d96c834c"
  },
  "clave": "XNA",
  "descripcion": "No disponible"
},
{
  "_id": {
    "$oid": "658e053743262654d96c834d"
  },
  "clave": "XNE",
  "descripcion": "Sin empaque o no empaquetado"
},
{
  "_id": {
    "$oid": "658e053743262654d96c834e"
  },
  "clave": "XNF",
  "descripcion": "Sin empaque o no empaquetado, unidad simple"
},
{
  "_id": {
    "$oid": "658e053743262654d96c834f"
  },
  "clave": "XNG",
  "descripcion": "Sin empaque o no empaquetado, unidades múltiples"
},
{
  "_id": {
    "$oid": "658e053743262654d96c8350"
  },
  "clave": "XNS",
  "descripcion": "Caja nido"
},
{
  "_id": {
    "$oid": "658e053743262654d96c8351"
  },
  "clave": "XNT",
  "descripcion": "Red"
},
{
  "_id": {
    "$oid": "658e053743262654d96c8352"
  },
  "clave": "XNU",
  "descripcion": "Red de plástico con tubo"
},
{
  "_id": {
    "$oid": "658e053743262654d96c8353"
  },
  "clave": "XNV",
  "descripcion": "Red textil con tubo"
},
{
  "_id": {
    "$oid": "658e053743262654d96c8354"
  },
  "clave": "XOA",
  "descripcion": "Pallet, Según la clasificación de la compañía (Commonwealth Handling Equipment Pool (CHEP) 40 cm x 60 cm"
},
{
  "_id": {
    "$oid": "658e053743262654d96c8355"
  },
  "clave": "XOB",
  "descripcion": "Pallet, Según la clasificación de la compañía (Commonwealth Handling Equipment Pool (CHEP) 80 cm x 120 cm"
},
{
  "_id": {
    "$oid": "658e053743262654d96c8356"
  },
  "clave": "XOC",
  "descripcion": "Pallet, Según la clasificación de la compañía (Commonwealth Handling Equipment Pool (CHEP) 100 cm x 120 cm"
},
{
  "_id": {
    "$oid": "658e053743262654d96c8357"
  },
  "clave": "XOD",
  "descripcion": "Pallet, AS 4068-1993"
},
{
  "_id": {
    "$oid": "658e053743262654d96c8358"
  },
  "clave": "XOE",
  "descripcion": "Pallet, ISO T11"
},
{
  "_id": {
    "$oid": "658e053743262654d96c8359"
  },
  "clave": "XOF",
  "descripcion": "Plataforma, peso o dimensión no especificada"
},
{
  "_id": {
    "$oid": "658e053743262654d96c835a"
  },
  "clave": "XOK",
  "descripcion": "Bloque"
},
{
  "_id": {
    "$oid": "658e053743262654d96c835b"
  },
  "clave": "XOT",
  "descripcion": "Octabin"
},
{
  "_id": {
    "$oid": "658e053743262654d96c835c"
  },
  "clave": "XP2",
  "descripcion": "Charola"
},
{
  "_id": {
    "$oid": "658e053743262654d96c835d"
  },
  "clave": "XPA",
  "descripcion": "Cajetilla"
},
{
  "_id": {
    "$oid": "658e053743262654d96c835e"
  },
  "clave": "XPB",
  "descripcion": "Pallet, Caja combinada y abierta con caja y pallet."
},
{
  "_id": {
    "$oid": "658e053743262654d96c835f"
  },
  "clave": "XPC",
  "descripcion": "Paquete postal"
},
{
  "_id": {
    "$oid": "658e053743262654d96c8360"
  },
  "clave": "XPD",
  "descripcion": "Pallet modular con collares (80cms * 100cms)"
},
{
  "_id": {
    "$oid": "658e053743262654d96c8361"
  },
  "clave": "XPE",
  "descripcion": "Pallet modular con collares (80cms * 120cms)"
},
{
  "_id": {
    "$oid": "658e053743262654d96c8362"
  },
  "clave": "XPF",
  "descripcion": "Corral"
},
{
  "_id": {
    "$oid": "658e053743262654d96c8363"
  },
  "clave": "XPG",
  "descripcion": "Placa"
},
{
  "_id": {
    "$oid": "658e053743262654d96c8364"
  },
  "clave": "XPH",
  "descripcion": "Cantaro"
},
{
  "_id": {
    "$oid": "658e053743262654d96c8365"
  },
  "clave": "XPI",
  "descripcion": "Pleca"
},
{
  "_id": {
    "$oid": "658e053743262654d96c8366"
  },
  "clave": "XPJ",
  "descripcion": "Canastilla"
},
{
  "_id": {
    "$oid": "658e053743262654d96c8367"
  },
  "clave": "XPK",
  "descripcion": "Paquete"
},
{
  "_id": {
    "$oid": "658e053743262654d96c8368"
  },
  "clave": "XPL",
  "descripcion": "Balde"
},
{
  "_id": {
    "$oid": "658e053743262654d96c8369"
  },
  "clave": "XPN",
  "descripcion": "Tablón"
},
{
  "_id": {
    "$oid": "658e053743262654d96c836a"
  },
  "clave": "XPO",
  "descripcion": "Bolsa pequeña"
},
{
  "_id": {
    "$oid": "658e053743262654d96c836b"
  },
  "clave": "XPR",
  "descripcion": "Contenedor de plástico"
},
{
  "_id": {
    "$oid": "658e053743262654d96c836c"
  },
  "clave": "XPT",
  "descripcion": "Maceta"
},
{
  "_id": {
    "$oid": "658e053743262654d96c836d"
  },
  "clave": "XPU",
  "descripcion": "Cacerola"
},
{
  "_id": {
    "$oid": "658e053743262654d96c836e"
  },
  "clave": "XPV",
  "descripcion": "Tubos, con fleje/ agrupados/ armados"
},
{
  "_id": {
    "$oid": "658e053743262654d96c836f"
  },
  "clave": "XPX",
  "descripcion": "Pallet"
},
{
  "_id": {
    "$oid": "658e053743262654d96c8370"
  },
  "clave": "XPY",
  "descripcion": "Placas con fleje/ agrupados/ armados"
},
{
  "_id": {
    "$oid": "658e053743262654d96c8371"
  },
  "clave": "XPZ",
  "descripcion": "Tablones con fleje/ agrupados/ armados"
},
{
  "_id": {
    "$oid": "658e053743262654d96c8372"
  },
  "clave": "XQA",
  "descripcion": "Tambor de acero con cabeza no desmontable"
},
{
  "_id": {
    "$oid": "658e053743262654d96c8373"
  },
  "clave": "XQB",
  "descripcion": "Tambor de  acero con cabeza extraíble"
},
{
  "_id": {
    "$oid": "658e053743262654d96c8374"
  },
  "clave": "XQC",
  "descripcion": "Tambor de aluminio con cabeza no extraíble"
},
{
  "_id": {
    "$oid": "658e053743262654d96c8375"
  },
  "clave": "XQD",
  "descripcion": "Tambor de aluminio con cabeza extraíble"
},
{
  "_id": {
    "$oid": "658e053743262654d96c8376"
  },
  "clave": "XQF",
  "descripcion": "Tambor, plástico con cabeza no desmontable"
},
{
  "_id": {
    "$oid": "658e053743262654d96c8377"
  },
  "clave": "XQG",
  "descripcion": "Tambor, plástico, cabeza extraíble"
},
{
  "_id": {
    "$oid": "658e053743262654d96c8378"
  },
  "clave": "XQH",
  "descripcion": "Barril de madera con tapón"
},
{
  "_id": {
    "$oid": "658e053743262654d96c8379"
  },
  "clave": "XQJ",
  "descripcion": "Barril de madera con cabeza desprendible"
},
{
  "_id": {
    "$oid": "658e053743262654d96c837a"
  },
  "clave": "XQK",
  "descripcion": "Bidón de acero con cabeza no desmontable"
},
{
  "_id": {
    "$oid": "658e053743262654d96c837b"
  },
  "clave": "XQL",
  "descripcion": "Bidón de acero con cabeza desmontable"
},
{
  "_id": {
    "$oid": "658e053743262654d96c837c"
  },
  "clave": "XQM",
  "descripcion": "Bidón de plástico con cabeza no desmontable"
},
{
  "_id": {
    "$oid": "658e053743262654d96c837d"
  },
  "clave": "XQN",
  "descripcion": "Bidón de plástico con cabeza extraíble"
},
{
  "_id": {
    "$oid": "658e053743262654d96c837e"
  },
  "clave": "XQP",
  "descripcion": "Caja de madera natural estándar"
},
{
  "_id": {
    "$oid": "658e053743262654d96c837f"
  },
  "clave": "XQQ",
  "descripcion": "Caja de madera natural con muros a prueba de filtraciones"
},
{
  "_id": {
    "$oid": "658e053743262654d96c8380"
  },
  "clave": "XQR",
  "descripcion": "Caja de plástico expandida"
},
{
  "_id": {
    "$oid": "658e053743262654d96c8381"
  },
  "clave": "XQS",
  "descripcion": "Caja de plástico sólida"
},
{
  "_id": {
    "$oid": "658e053743262654d96c8382"
  },
  "clave": "XRD",
  "descripcion": "Rod"
},
{
  "_id": {
    "$oid": "658e053743262654d96c8383"
  },
  "clave": "XRG",
  "descripcion": "Anillo"
},
{
  "_id": {
    "$oid": "658e053743262654d96c8384"
  },
  "clave": "XRJ",
  "descripcion": "Estante, Perchero para ropa"
},
{
  "_id": {
    "$oid": "658e053743262654d96c8385"
  },
  "clave": "XRK",
  "descripcion": "Estante"
},
{
  "_id": {
    "$oid": "658e053743262654d96c8386"
  },
  "clave": "XRL",
  "descripcion": "Carrete"
},
{
  "_id": {
    "$oid": "658e053743262654d96c8387"
  },
  "clave": "XRO",
  "descripcion": "Rollo"
},
{
  "_id": {
    "$oid": "658e053743262654d96c8388"
  },
  "clave": "XRT",
  "descripcion": "Red Roja"
},
{
  "_id": {
    "$oid": "658e053743262654d96c8389"
  },
  "clave": "XRZ",
  "descripcion": "Varillas  con fleje/ agrupados/ armados"
},
{
  "_id": {
    "$oid": "658e053743262654d96c838a"
  },
  "clave": "XSA",
  "descripcion": "Saco"
},
{
  "_id": {
    "$oid": "658e053743262654d96c838b"
  },
  "clave": "XSB",
  "descripcion": "Losa"
},
{
  "_id": {
    "$oid": "658e053743262654d96c838c"
  },
  "clave": "XSC",
  "descripcion": "Cajón poco profundo"
},
{
  "_id": {
    "$oid": "658e053743262654d96c838d"
  },
  "clave": "XSD",
  "descripcion": "Huso"
},
{
  "_id": {
    "$oid": "658e053743262654d96c838e"
  },
  "clave": "XSE",
  "descripcion": "Baúl"
},
{
  "_id": {
    "$oid": "658e053743262654d96c838f"
  },
  "clave": "XSH",
  "descripcion": "Bolsa pequeña hermética"
},
{
  "_id": {
    "$oid": "658e053743262654d96c8390"
  },
  "clave": "XSI",
  "descripcion": "Patín"
},
{
  "_id": {
    "$oid": "658e053743262654d96c8391"
  },
  "clave": "XSK",
  "descripcion": "Carcasa esqueleto"
},
{
  "_id": {
    "$oid": "658e053743262654d96c8392"
  },
  "clave": "XSL",
  "descripcion": "Hoja de deslizamiento"
},
{
  "_id": {
    "$oid": "658e053743262654d96c8393"
  },
  "clave": "XSM",
  "descripcion": "Hoja de metal"
},
{
  "_id": {
    "$oid": "658e053743262654d96c8394"
  },
  "clave": "XSO",
  "descripcion": "Carrete pequeño"
},
{
  "_id": {
    "$oid": "658e053743262654d96c8395"
  },
  "clave": "XSP",
  "descripcion": "Hoja de empaque de plástico"
},
{
  "_id": {
    "$oid": "658e053743262654d96c8396"
  },
  "clave": "XSS",
  "descripcion": "Cajón de acero"
},
{
  "_id": {
    "$oid": "658e053743262654d96c8397"
  },
  "clave": "XSU",
  "descripcion": "Maleta"
},
{
  "_id": {
    "$oid": "658e053743262654d96c8398"
  },
  "clave": "XSV",
  "descripcion": "Sobre de acero"
},
{
  "_id": {
    "$oid": "658e053743262654d96c8399"
  },
  "clave": "XSW",
  "descripcion": "Envoltorio"
},
{
  "_id": {
    "$oid": "658e053743262654d96c839a"
  },
  "clave": "XSY",
  "descripcion": "Manga"
},
{
  "_id": {
    "$oid": "658e053743262654d96c839b"
  },
  "clave": "XSZ",
  "descripcion": "Hojas  con fleje/ agrupados/ armados"
},
{
  "_id": {
    "$oid": "658e053743262654d96c839c"
  },
  "clave": "XT1",
  "descripcion": "Tableta"
},
{
  "_id": {
    "$oid": "658e053743262654d96c839d"
  },
  "clave": "XTB",
  "descripcion": "Tina"
},
{
  "_id": {
    "$oid": "658e053743262654d96c839e"
  },
  "clave": "XTC",
  "descripcion": "Caja para té"
},
{
  "_id": {
    "$oid": "658e053743262654d96c839f"
  },
  "clave": "XTD",
  "descripcion": "Tubo plegable"
},
{
  "_id": {
    "$oid": "658e053743262654d96c83a0"
  },
  "clave": "XTG",
  "descripcion": "Contenedor de tanque genérico"
},
{
  "_id": {
    "$oid": "658e053743262654d96c83a1"
  },
  "clave": "XTI",
  "descripcion": "Tierce"
},
{
  "_id": {
    "$oid": "658e053743262654d96c83a2"
  },
  "clave": "XTK",
  "descripcion": "Tanque rectangular"
},
{
  "_id": {
    "$oid": "658e053743262654d96c83a3"
  },
  "clave": "XTL",
  "descripcion": "Tina con tapa"
},
{
  "_id": {
    "$oid": "658e053743262654d96c83a4"
  },
  "clave": "XTN",
  "descripcion": "Hojalata"
},
{
  "_id": {
    "$oid": "658e053743262654d96c83a5"
  },
  "clave": "XTO",
  "descripcion": "Tonel"
},
{
  "_id": {
    "$oid": "658e053743262654d96c83a6"
  },
  "clave": "XTR",
  "descripcion": "Maletero"
},
{
  "_id": {
    "$oid": "658e053743262654d96c83a7"
  },
  "clave": "XTS",
  "descripcion": "Estructura"
},
{
  "_id": {
    "$oid": "658e053743262654d96c83a8"
  },
  "clave": "XTT",
  "descripcion": "Bolsa de mano"
},
{
  "_id": {
    "$oid": "658e053743262654d96c83a9"
  },
  "clave": "XTU",
  "descripcion": "Tubo"
},
{
  "_id": {
    "$oid": "658e053743262654d96c83aa"
  },
  "clave": "XTV",
  "descripcion": "Tubo con boquilla"
},
{
  "_id": {
    "$oid": "658e053743262654d96c83ab"
  },
  "clave": "XTW",
  "descripcion": "Pallet tricapa"
},
{
  "_id": {
    "$oid": "658e053743262654d96c83ac"
  },
  "clave": "XTY",
  "descripcion": "Tanque cilíndrico"
},
{
  "_id": {
    "$oid": "658e053743262654d96c83ad"
  },
  "clave": "XTZ",
  "descripcion": "Tubos  con fleje/ agrupados/ armados"
},
{
  "_id": {
    "$oid": "658e053743262654d96c83ae"
  },
  "clave": "XUC",
  "descripcion": "Sin empaque"
},
{
  "_id": {
    "$oid": "658e053743262654d96c83af"
  },
  "clave": "XUN",
  "descripcion": "Unidad"
},
{
  "_id": {
    "$oid": "658e053743262654d96c83b0"
  },
  "clave": "XVA",
  "descripcion": "Tanque"
},
{
  "_id": {
    "$oid": "658e053743262654d96c83b1"
  },
  "clave": "XVG",
  "descripcion": "Tanque de gas (a 1,031 mbar y 15° C)"
},
{
  "_id": {
    "$oid": "658e053743262654d96c83b2"
  },
  "clave": "XVI",
  "descripcion": "Frasco pequeño"
},
{
  "_id": {
    "$oid": "658e053743262654d96c83b3"
  },
  "clave": "XVK",
  "descripcion": "Paquete transportable"
},
{
  "_id": {
    "$oid": "658e053743262654d96c83b4"
  },
  "clave": "XVL",
  "descripcion": "Contenedor para líquidos a granel"
},
{
  "_id": {
    "$oid": "658e053743262654d96c83b5"
  },
  "clave": "XVN",
  "descripcion": "Vehículo"
},
{
  "_id": {
    "$oid": "658e053743262654d96c83b6"
  },
  "clave": "XVO",
  "descripcion": "Contenedor para sólido de partículas grandes a granel (\"nódulos\")"
},
{
  "_id": {
    "$oid": "658e053743262654d96c83b7"
  },
  "clave": "XVP",
  "descripcion": "Envasado al vacío"
},
{
  "_id": {
    "$oid": "658e053743262654d96c83b8"
  },
  "clave": "XVQ",
  "descripcion": "Tanque para Gas licuado (a temperatura / presión anormal)"
},
{
  "_id": {
    "$oid": "658e053743262654d96c83b9"
  },
  "clave": "XVR",
  "descripcion": "Contenedor para sólidos de partículas granulares a granel (Granos)"
},
{
  "_id": {
    "$oid": "658e053743262654d96c83ba"
  },
  "clave": "XVS",
  "descripcion": "Contenedor de chatarra a granel"
},
{
  "_id": {
    "$oid": "658e053743262654d96c83bb"
  },
  "clave": "XVY",
  "descripcion": "Contenedor para sólido de partículas finas a granel (\"polvos\")"
},
{
  "_id": {
    "$oid": "658e053743262654d96c83bc"
  },
  "clave": "XWA",
  "descripcion": "Contenedor de granel intermedio"
},
{
  "_id": {
    "$oid": "658e053743262654d96c83bd"
  },
  "clave": "XWB",
  "descripcion": "Botella de mimbre"
},
{
  "_id": {
    "$oid": "658e053743262654d96c83be"
  },
  "clave": "XWC",
  "descripcion": "Contenedor intermedio para gráneles y de acero"
},
{
  "_id": {
    "$oid": "658e053743262654d96c83bf"
  },
  "clave": "XWD",
  "descripcion": "Contenedor intermedio para gráneles y de aluminio"
},
{
  "_id": {
    "$oid": "658e053743262654d96c83c0"
  },
  "clave": "XWF",
  "descripcion": "Contenedor intermedio para gráneles y de metal"
},
{
  "_id": {
    "$oid": "658e053743262654d96c83c1"
  },
  "clave": "XWG",
  "descripcion": "Contenedor intermedio para gráneles y de acero presurizado menor a 10 kpa"
},
{
  "_id": {
    "$oid": "658e053743262654d96c83c2"
  },
  "clave": "XWH",
  "descripcion": "Contenedor intermedio para gráneles y de aluminio, presurizado menor a 10 kpa"
},
{
  "_id": {
    "$oid": "658e053743262654d96c83c3"
  },
  "clave": "XWJ",
  "descripcion": "Contenedor intermedio para gráneles y de metal con una presión de 10 kpa"
},
{
  "_id": {
    "$oid": "658e053743262654d96c83c4"
  },
  "clave": "XWK",
  "descripcion": "Contenedor intermedio para gráneles y de acero para líquido"
},
{
  "_id": {
    "$oid": "658e053743262654d96c83c5"
  },
  "clave": "XWL",
  "descripcion": "Contenedor intermedio para gráneles y de aluminio para líquido"
},
{
  "_id": {
    "$oid": "658e053743262654d96c83c6"
  },
  "clave": "XWM",
  "descripcion": "Contenedor intermedio para gráneles y de metal para líquido"
},
{
  "_id": {
    "$oid": "658e053743262654d96c83c7"
  },
  "clave": "XWN",
  "descripcion": "Contenedor intermedio para gráneles con tejido plástico sin capa con revestimiento"
},
{
  "_id": {
    "$oid": "658e053743262654d96c83c8"
  },
  "clave": "XWP",
  "descripcion": "Contenedor intermedio para gráneles con tejido plástico y recubierto"
},
{
  "_id": {
    "$oid": "658e053743262654d96c83c9"
  },
  "clave": "XWQ",
  "descripcion": "Contenedor intermedio para gráneles con tejido plástico con revestimiento"
},
{
  "_id": {
    "$oid": "658e053743262654d96c83ca"
  },
  "clave": "XWR",
  "descripcion": "Contenedor intermedio para gráneles con tejido plástico, revestido y con forro"
},
{
  "_id": {
    "$oid": "658e053743262654d96c83cb"
  },
  "clave": "XWS",
  "descripcion": "Contenedor intermedio para gráneles con película de plástico"
},
{
  "_id": {
    "$oid": "658e053743262654d96c83cc"
  },
  "clave": "XWT",
  "descripcion": "Contenedor intermedio para gráneles textil sin capa / forro"
},
{
  "_id": {
    "$oid": "658e053743262654d96c83cd"
  },
  "clave": "XWU",
  "descripcion": "Contenedor intermedio para gráneles de madera natural con forro interior"
},
{
  "_id": {
    "$oid": "658e053743262654d96c83ce"
  },
  "clave": "XWV",
  "descripcion": "Contenedor intermedio para gráneles textil recubierto"
},
{
  "_id": {
    "$oid": "658e053743262654d96c83cf"
  },
  "clave": "XWW",
  "descripcion": "Contenedor intermedio para gráneles textil con revestimiento"
},
{
  "_id": {
    "$oid": "658e053743262654d96c83d0"
  },
  "clave": "XWX",
  "descripcion": "Contenedor intermedio para gráneles textil recubierto y con forro"
},
{
  "_id": {
    "$oid": "658e053743262654d96c83d1"
  },
  "clave": "XWY",
  "descripcion": "Contenedor intermedio para gráneles contrachapado con revestimiento interior"
},
{
  "_id": {
    "$oid": "658e053743262654d96c83d2"
  },
  "clave": "XWZ",
  "descripcion": "Contenedor intermedio para gráneles de madera reconstituida con revestimiento interior"
},
{
  "_id": {
    "$oid": "658e053743262654d96c83d3"
  },
  "clave": "XXA",
  "descripcion": "Bolsa de tejido plástico, sin abrigo interior ni forro"
},
{
  "_id": {
    "$oid": "658e053743262654d96c83d4"
  },
  "clave": "XXB",
  "descripcion": "Bolsa de tejido plástico a prueba de filtraciones"
},
{
  "_id": {
    "$oid": "658e053743262654d96c83d5"
  },
  "clave": "XXC",
  "descripcion": "Bolsa de tejido plástico resistente al agua"
},
{
  "_id": {
    "$oid": "658e053743262654d96c83d6"
  },
  "clave": "XXD",
  "descripcion": "Bolsa con película de plástico"
},
{
  "_id": {
    "$oid": "658e053743262654d96c83d7"
  },
  "clave": "XXF",
  "descripcion": "Bolsa textil sin capa ni forro interior"
},
{
  "_id": {
    "$oid": "658e053743262654d96c83d8"
  },
  "clave": "XXG",
  "descripcion": "Bolsa textil a prueba de filtraciones"
},
{
  "_id": {
    "$oid": "658e053743262654d96c83d9"
  },
  "clave": "XXH",
  "descripcion": "Bolsa textil resistente al agua"
},
{
  "_id": {
    "$oid": "658e053743262654d96c83da"
  },
  "clave": "XXJ",
  "descripcion": "Bolsa de papel multi-pared"
},
{
  "_id": {
    "$oid": "658e053743262654d96c83db"
  },
  "clave": "XXK",
  "descripcion": "Bolsa de papel multi-pared, resistente al agua"
},
{
  "_id": {
    "$oid": "658e053743262654d96c83dc"
  },
  "clave": "XYA",
  "descripcion": "Empaque compuesto, recipiente de plástico en tambor de acero"
},
{
  "_id": {
    "$oid": "658e053743262654d96c83dd"
  },
  "clave": "XYB",
  "descripcion": "Empaque compuesto, recipiente de plástico en cajas de acero"
},
{
  "_id": {
    "$oid": "658e053743262654d96c83de"
  },
  "clave": "XYC",
  "descripcion": "Empaque compuesto, recipiente de plástico en tambor de aluminio"
},
{
  "_id": {
    "$oid": "658e053743262654d96c83df"
  },
  "clave": "XYD",
  "descripcion": "Empaque compuesto, recipiente de plástico en cajón de aluminio"
},
{
  "_id": {
    "$oid": "658e053743262654d96c83e0"
  },
  "clave": "XYF",
  "descripcion": "Empaque compuesto, recipiente de plástico en caja de madera"
},
{
  "_id": {
    "$oid": "658e053743262654d96c83e1"
  },
  "clave": "XYG",
  "descripcion": "Empaque compuesto, recipiente de plástico en tambor de madera contrachapada"
},
{
  "_id": {
    "$oid": "658e053743262654d96c83e2"
  },
  "clave": "XYH",
  "descripcion": "Empaque compuesto, recipiente de plástico en caja de madera contrachapada"
},
{
  "_id": {
    "$oid": "658e053743262654d96c83e3"
  },
  "clave": "XYJ",
  "descripcion": "Empaque compuesto, recipiente de plástico en tambor de fibra"
},
{
  "_id": {
    "$oid": "658e053743262654d96c83e4"
  },
  "clave": "XYK",
  "descripcion": "Empaque compuesto, recipiente de plástico en caja de cartón"
},
{
  "_id": {
    "$oid": "658e053743262654d96c83e5"
  },
  "clave": "XYL",
  "descripcion": "Empaque compuesto, recipiente de plástico en el tambor de plástico"
},
{
  "_id": {
    "$oid": "658e053743262654d96c83e6"
  },
  "clave": "XYM",
  "descripcion": "Empaque compuesto, recipiente de plástico en caja de plástico sólido"
},
{
  "_id": {
    "$oid": "658e053743262654d96c83e7"
  },
  "clave": "XYN",
  "descripcion": "Empaque compuesto, receptáculo de vidrio en tambor de acero"
},
{
  "_id": {
    "$oid": "658e053743262654d96c83e8"
  },
  "clave": "XYP",
  "descripcion": "Empaque compuesto, receptáculo de vidrio en caja de cajas de acero"
},
{
  "_id": {
    "$oid": "658e053743262654d96c83e9"
  },
  "clave": "XYQ",
  "descripcion": "Empaque compuesto, recipiente de vidrio en tambor de aluminio"
},
{
  "_id": {
    "$oid": "658e053743262654d96c83ea"
  },
  "clave": "XYR",
  "descripcion": "Empaque compuesto, receptáculo de vidrio en caja de aluminio"
},
{
  "_id": {
    "$oid": "658e053743262654d96c83eb"
  },
  "clave": "XYS",
  "descripcion": "Empaque compuesto, recipiente de vidrio en caja de madera"
},
{
  "_id": {
    "$oid": "658e053743262654d96c83ec"
  },
  "clave": "XYT",
  "descripcion": "Empaque compuesto, recipiente de vidrio en tambor de madera contrachapada"
},
{
  "_id": {
    "$oid": "658e053743262654d96c83ed"
  },
  "clave": "Xyv",
  "descripcion": "Empaque compuesto, recipiente de vidrio en el cesto de mimbre"
},
{
  "_id": {
    "$oid": "658e053743262654d96c83ee"
  },
  "clave": "XYW",
  "descripcion": "Empaque compuesto, recipiente de vidrio en tambor de fibra"
},
{
  "_id": {
    "$oid": "658e053743262654d96c83ef"
  },
  "clave": "XYX",
  "descripcion": "Empaque compuesto, recipiente de vidrio en caja de cartón"
},
{
  "_id": {
    "$oid": "658e053743262654d96c83f0"
  },
  "clave": "XYY",
  "descripcion": "Empaque compuesto, recipiente de vidrio en paquete de plástico expandible"
},
{
  "_id": {
    "$oid": "658e053743262654d96c83f1"
  },
  "clave": "XYZ",
  "descripcion": "Empaque compuesto, recipiente de vidrio en paquete de plástico sólido"
},
{
  "_id": {
    "$oid": "658e053743262654d96c83f2"
  },
  "clave": "XZA",
  "descripcion": "Contenedor de granel intermedio, papel, multi-pared"
},
{
  "_id": {
    "$oid": "658e053743262654d96c83f3"
  },
  "clave": "XZB",
  "descripcion": "Bolsa grande"
},
{
  "_id": {
    "$oid": "658e053743262654d96c83f4"
  },
  "clave": "XZC",
  "descripcion": "Contenedor intermedio para gráneles de papel, multi-pared y resistente al agua"
},
{
  "_id": {
    "$oid": "658e053743262654d96c83f5"
  },
  "clave": "XZD",
  "descripcion": "Contenedor intermedio para gráneles de plástico rígido, con equipo estructural para sólidos"
},
{
  "_id": {
    "$oid": "658e053743262654d96c83f6"
  },
  "clave": "XZF",
  "descripcion": "Contenedor intermedio para gráneles de plástico rígido, autoportante para sólidos"
},
{
  "_id": {
    "$oid": "658e053743262654d96c83f7"
  },
  "clave": "XZG",
  "descripcion": "Contenedor intermedio para gráneles de plástico rígido, con equipo estructural, presurizado"
},
{
  "_id": {
    "$oid": "658e053743262654d96c83f8"
  },
  "clave": "XZH",
  "descripcion": "Contenedor intermedio para gráneles de plástico rígido, autoportante y presurizado"
},
{
  "_id": {
    "$oid": "658e053743262654d96c83f9"
  },
  "clave": "XZJ",
  "descripcion": "Contenedor intermedio para gráneles de plástico rígido, con equipo estructural para líquidos"
},
{
  "_id": {
    "$oid": "658e053743262654d96c83fa"
  },
  "clave": "XZK",
  "descripcion": "Contenedor intermedio para gráneles de plástico rígido, autoportante, líquidos"
},
{
  "_id": {
    "$oid": "658e053743262654d96c83fb"
  },
  "clave": "XZL",
  "descripcion": "Contenedor intermedio para gráneles, compuesto y de plástico rígido, sólidos"
},
{
  "_id": {
    "$oid": "658e053743262654d96c83fc"
  },
  "clave": "XZM",
  "descripcion": "Contenedor intermedio para gráneles, compuesto y de plástico flexible, sólidos"
},
{
  "_id": {
    "$oid": "658e053743262654d96c83fd"
  },
  "clave": "XZN",
  "descripcion": "Contenedor intermedio para gráneles, compuesto y de plástico rígido, presurizado"
},
{
  "_id": {
    "$oid": "658e053743262654d96c83fe"
  },
  "clave": "XZP",
  "descripcion": "Contenedor intermedio para gráneles, compuesto y de plástico flexible, presurizado"
},
{
  "_id": {
    "$oid": "658e053743262654d96c83ff"
  },
  "clave": "XZQ",
  "descripcion": "Contenedor intermedio para gráneles, compuesto y de plástico rígido, líquidos"
},
{
  "_id": {
    "$oid": "658e053743262654d96c8400"
  },
  "clave": "XZR",
  "descripcion": "Contenedor intermedio para gráneles, compuesto y de plástico flexible para líquidos"
},
{
  "_id": {
    "$oid": "658e053743262654d96c8401"
  },
  "clave": "XZS",
  "descripcion": "Contenedor intermedio para gráneles, compuesto"
},
{
  "_id": {
    "$oid": "658e053743262654d96c8402"
  },
  "clave": "XZT",
  "descripcion": "Contenedor intermedio para gráneles con tablero de fibras"
},
{
  "_id": {
    "$oid": "658e053743262654d96c8403"
  },
  "clave": "XZU",
  "descripcion": "Contenedor intermedio para gráneles flexible"
},
{
  "_id": {
    "$oid": "658e053743262654d96c8404"
  },
  "clave": "XZV",
  "descripcion": "Contenedor intermedio para gráneles de metal, distinto del acero"
},
{
  "_id": {
    "$oid": "658e053743262654d96c8405"
  },
  "clave": "XZW",
  "descripcion": "Contenedor intermedio para gráneles, de madera natural"
},
{
  "_id": {
    "$oid": "658e053743262654d96c8406"
  },
  "clave": "XZX",
  "descripcion": "Contenedor intermedio para gráneles, de contrachapado"
},
{
  "_id": {
    "$oid": "658e053743262654d96c8407"
  },
  "clave": "XZY",
  "descripcion": "Contenedor intermedio para gráneles, de madera reconstituida"
},
{
  "_id": {
    "$oid": "658e053743262654d96c8408"
  },
  "clave": "KGM",
  "descripcion": "Kilogramo"
},
{
  "_id": {
    "$oid": "658e053743262654d96c8409"
  },
  "clave": "MC",
  "descripcion": "Microgramo"
},
{
  "_id": {
    "$oid": "658e053743262654d96c840a"
  },
  "clave": "DJ",
  "descripcion": "Decagramo"
},
{
  "_id": {
    "$oid": "658e053743262654d96c840b"
  },
  "clave": "DG",
  "descripcion": "Decigramo"
},
{
  "_id": {
    "$oid": "658e053743262654d96c840c"
  },
  "clave": "GRM",
  "descripcion": "Gramo"
},
{
  "_id": {
    "$oid": "658e053743262654d96c840d"
  },
  "clave": "CGM",
  "descripcion": "Centigramo"
},
{
  "_id": {
    "$oid": "658e053743262654d96c840e"
  },
  "clave": "TNE",
  "descripcion": "Tonelada (tonelada métrica)"
},
{
  "_id": {
    "$oid": "658e053743262654d96c840f"
  },
  "clave": "DTN",
  "descripcion": "Decitonelada métrica"
},
{
  "_id": {
    "$oid": "658e053743262654d96c8410"
  },
  "clave": "MGM",
  "descripcion": "Miligramo"
},
{
  "_id": {
    "$oid": "658e053743262654d96c8411"
  },
  "clave": "HGM",
  "descripcion": "Hectogramo"
},
{
  "_id": {
    "$oid": "658e053743262654d96c8412"
  },
  "clave": "KTN",
  "descripcion": "Kilotonelada Métrica"
},
{
  "_id": {
    "$oid": "658e053743262654d96c8413"
  },
  "clave": "2U",
  "descripcion": "Megagramo"
},
{
  "_id": {
    "$oid": "658e053743262654d96c8414"
  },
  "clave": "LBR",
  "descripcion": "Libra"
},
{
  "_id": {
    "$oid": "658e053743262654d96c8415"
  },
  "clave": "GRN",
  "descripcion": "Grano"
},
{
  "_id": {
    "$oid": "658e053743262654d96c8416"
  },
  "clave": "ONZ",
  "descripcion": "Onza (avoirdupois)"
},
{
  "_id": {
    "$oid": "658e053743262654d96c8417"
  },
  "clave": "CWI",
  "descripcion": "Hundredweight"
},
{
  "_id": {
    "$oid": "658e053743262654d96c8418"
  },
  "clave": "CWA",
  "descripcion": "Hundred pound"
},
{
  "_id": {
    "$oid": "658e053743262654d96c8419"
  },
  "clave": "LTN",
  "descripcion": "Tonelada (UK) o tonelada larga (estados unidos)"
},
{
  "_id": {
    "$oid": "658e053743262654d96c841a"
  },
  "clave": "STI",
  "descripcion": "Estone (UK)"
},
{
  "_id": {
    "$oid": "658e053743262654d96c841b"
  },
  "clave": "STN",
  "descripcion": "Tonelada (estados unidos) o tonelada corta (UK y estados unidos)"
},
{
  "_id": {
    "$oid": "658e053743262654d96c841c"
  },
  "clave": "APZ",
  "descripcion": "Onza troy u onza farmacéutica "
},
{
  "_id": {
    "$oid": "658e053743262654d96c841d"
  },
  "clave": "F13",
  "descripcion": "Slug"
},
{
  "_id": {
    "$oid": "658e053743262654d96c841e"
  },
  "clave": "K64",
  "descripcion": "Libra (avoirdupois) por grado fahrenheit"
},
{
  "_id": {
    "$oid": "658e053743262654d96c841f"
  },
  "clave": "L69",
  "descripcion": "Tonelada por kelvin"
},
{
  "_id": {
    "$oid": "658e053743262654d96c8420"
  },
  "clave": "L87",
  "descripcion": "Tonelada corta por grado fahrenheit"
},
{
  "_id": {
    "$oid": "658e053743262654d96c8421"
  },
  "clave": "M85",
  "descripcion": "Tonelada, ensayo"
},
{
  "_id": {
    "$oid": "658e053743262654d96c8422"
  },
  "clave": "M86",
  "descripcion": "Libra Alemana"
},
{
  "_id": {
    "$oid": "658e053743262654d96c8423"
  },
  "clave": "J33",
  "descripcion": "Microgramo por kilogramo"
},
{
  "_id": {
    "$oid": "658e053743262654d96c8424"
  },
  "clave": "L32",
  "descripcion": "Nanogramo por kilogramo"
},
{
  "_id": {
    "$oid": "658e053743262654d96c8425"
  },
  "clave": "NA",
  "descripcion": "Miligramo por kilogramo"
},
{
  "_id": {
    "$oid": "658e053743262654d96c8426"
  },
  "clave": "M29",
  "descripcion": "Kilogramo por kilogramo"
},
{
  "_id": {
    "$oid": "658e053743262654d96c8427"
  },
  "clave": "M91",
  "descripcion": "Libra por libra"
},
{
  "_id": {
    "$oid": "658e053743262654d96c8428"
  },
  "clave": "Q29",
  "descripcion": "Microgramo por hectogramo"
},
{
  "_id": {
    "$oid": "658e053743262654d96c8429"
  },
  "clave": "MTQ",
  "descripcion": "Metro cúbico"
},
{
  "_id": {
    "$oid": "658e053743262654d96c842a"
  },
  "clave": "MAL",
  "descripcion": "Megalitro"
},
{
  "_id": {
    "$oid": "658e053743262654d96c842b"
  },
  "clave": "LTR",
  "descripcion": "Litro"
},
{
  "_id": {
    "$oid": "658e053743262654d96c842c"
  },
  "clave": "MMQ",
  "descripcion": "Milímetro cúbico"
},
{
  "_id": {
    "$oid": "658e053743262654d96c842d"
  },
  "clave": "CMQ",
  "descripcion": "Centímetro cúbico"
},
{
  "_id": {
    "$oid": "658e053743262654d96c842e"
  },
  "clave": "DMQ",
  "descripcion": "Decímetro cúbico"
},
{
  "_id": {
    "$oid": "658e053743262654d96c842f"
  },
  "clave": "MLT",
  "descripcion": "Mililitro"
},
{
  "_id": {
    "$oid": "658e053743262654d96c8430"
  },
  "clave": "HLT",
  "descripcion": "Hectolitro"
},
{
  "_id": {
    "$oid": "658e053743262654d96c8431"
  },
  "clave": "CLT",
  "descripcion": "Centilitro"
},
{
  "_id": {
    "$oid": "658e053743262654d96c8432"
  },
  "clave": "DMA",
  "descripcion": "Decámetro cúbico"
},
{
  "_id": {
    "$oid": "658e053743262654d96c8433"
  },
  "clave": "H19",
  "descripcion": "Hectómetro cúbico"
},
{
  "_id": {
    "$oid": "658e053743262654d96c8434"
  },
  "clave": "H20",
  "descripcion": "Kilómetro cúbico"
},
{
  "_id": {
    "$oid": "658e053743262654d96c8435"
  },
  "clave": "M71",
  "descripcion": "Metro cúbico por pascal (joules)"
},
{
  "_id": {
    "$oid": "658e053743262654d96c8436"
  },
  "clave": "DLT",
  "descripcion": "Decilitro"
},
{
  "_id": {
    "$oid": "658e053743262654d96c8437"
  },
  "clave": "4G",
  "descripcion": "Microlitro"
},
{
  "_id": {
    "$oid": "658e053743262654d96c8438"
  },
  "clave": "K6",
  "descripcion": "Kilolitro"
},
{
  "_id": {
    "$oid": "658e053743262654d96c8439"
  },
  "clave": "A44",
  "descripcion": "Decalitro"
},
{
  "_id": {
    "$oid": "658e053743262654d96c843a"
  },
  "clave": "G94",
  "descripcion": "Centímetro cúbico por bar"
},
{
  "_id": {
    "$oid": "658e053743262654d96c843b"
  },
  "clave": "G95",
  "descripcion": "Litro por bar"
},
{
  "_id": {
    "$oid": "658e053743262654d96c843c"
  },
  "clave": "G96",
  "descripcion": "Metro cúbico por bar"
},
{
  "_id": {
    "$oid": "658e053743262654d96c843d"
  },
  "clave": "G97",
  "descripcion": "Mililitro por bar "
},
{
  "_id": {
    "$oid": "658e053743262654d96c843e"
  },
  "clave": "5I",
  "descripcion": "Pies cúbicos estándar"
},
{
  "_id": {
    "$oid": "658e053743262654d96c843f"
  },
  "clave": "INQ",
  "descripcion": "Pulgada cúbica"
},
{
  "_id": {
    "$oid": "658e053743262654d96c8440"
  },
  "clave": "FTQ",
  "descripcion": "Pie cúbico"
},
{
  "_id": {
    "$oid": "658e053743262654d96c8441"
  },
  "clave": "YDQ",
  "descripcion": "Yarda cúbica"
},
{
  "_id": {
    "$oid": "658e053743262654d96c8442"
  },
  "clave": "GLI",
  "descripcion": "Galón (UK)"
},
{
  "_id": {
    "$oid": "658e053743262654d96c8443"
  },
  "clave": "GLL",
  "descripcion": "Galón (EUA)"
},
{
  "_id": {
    "$oid": "658e053743262654d96c8444"
  },
  "clave": "PT",
  "descripcion": "Pinta (US)"
},
{
  "_id": {
    "$oid": "658e053743262654d96c8445"
  },
  "clave": "PTI",
  "descripcion": "Pint (uk)"
},
{
  "_id": {
    "$oid": "658e053743262654d96c8446"
  },
  "clave": "QTI",
  "descripcion": "Cuarto (UK)"
},
{
  "_id": {
    "$oid": "658e053743262654d96c8447"
  },
  "clave": "PTL",
  "descripcion": "Pinta líquida (estados unidos)"
},
{
  "_id": {
    "$oid": "658e053743262654d96c8448"
  },
  "clave": "QTL",
  "descripcion": "Cuarto de líquido (estadis unidos)"
},
{
  "_id": {
    "$oid": "658e053743262654d96c8449"
  },
  "clave": "PTD",
  "descripcion": "Pinta seca (estados unidos)"
},
{
  "_id": {
    "$oid": "658e053743262654d96c844a"
  },
  "clave": "OZI",
  "descripcion": "Onza líquida (UK)"
},
{
  "_id": {
    "$oid": "658e053743262654d96c844b"
  },
  "clave": "QT",
  "descripcion": "Cuarto (EUA)"
},
{
  "_id": {
    "$oid": "658e053743262654d96c844c"
  },
  "clave": "J57",
  "descripcion": "Barril (uk petróleo)"
},
{
  "_id": {
    "$oid": "658e053743262654d96c844d"
  },
  "clave": "K21",
  "descripcion": "Pie cúbico por grado fahrenheit"
},
{
  "_id": {
    "$oid": "658e053743262654d96c844e"
  },
  "clave": "K23",
  "descripcion": "Pie cúbico por psi (libra por pulgada cuadrada)"
},
{
  "_id": {
    "$oid": "658e053743262654d96c844f"
  },
  "clave": "L43",
  "descripcion": "Peck (UK)"
},
{
  "_id": {
    "$oid": "658e053743262654d96c8450"
  },
  "clave": "L61",
  "descripcion": "Pinta (US seco)"
},
{
  "_id": {
    "$oid": "658e053743262654d96c8451"
  },
  "clave": "L62",
  "descripcion": "Cuarto de galón (seco de los EUA)"
},
{
  "_id": {
    "$oid": "658e053743262654d96c8452"
  },
  "clave": "L84",
  "descripcion": "Tonelada (flota UK)"
},
{
  "_id": {
    "$oid": "658e053743262654d96c8453"
  },
  "clave": "L86",
  "descripcion": "Tonelada (flota estados unidos)"
},
{
  "_id": {
    "$oid": "658e053743262654d96c8454"
  },
  "clave": "M11",
  "descripcion": "Yarda cúbica por grado fahrenheit"
},
{
  "_id": {
    "$oid": "658e053743262654d96c8455"
  },
  "clave": "M14",
  "descripcion": "Yarda cúbica por psi (libra por pulgada cuadrada)"
},
{
  "_id": {
    "$oid": "658e053743262654d96c8456"
  },
  "clave": "OZA",
  "descripcion": "Onza líquida (estados unidos)"
},
{
  "_id": {
    "$oid": "658e053743262654d96c8457"
  },
  "clave": "BUI",
  "descripcion": "Bushel (UK)"
},
{
  "_id": {
    "$oid": "658e053743262654d96c8458"
  },
  "clave": "BUA",
  "descripcion": "Bushel (EUA)"
},
{
  "_id": {
    "$oid": "658e053743262654d96c8459"
  },
  "clave": "BLL",
  "descripcion": "Barril (EUA)"
},
{
  "_id": {
    "$oid": "658e053743262654d96c845a"
  },
  "clave": "BLD",
  "descripcion": "Barril seco (EUA)"
},
{
  "_id": {
    "$oid": "658e053743262654d96c845b"
  },
  "clave": "GLD",
  "descripcion": "Galón seco (EUA)"
},
{
  "_id": {
    "$oid": "658e053743262654d96c845c"
  },
  "clave": "QTD",
  "descripcion": "Cuarto seco (estados unidos)"
},
{
  "_id": {
    "$oid": "658e053743262654d96c845d"
  },
  "clave": "G26",
  "descripcion": "Estere"
},
{
  "_id": {
    "$oid": "658e053743262654d96c845e"
  },
  "clave": "G21",
  "descripcion": "Taza (unidad de volumen)"
},
{
  "_id": {
    "$oid": "658e053743262654d96c845f"
  },
  "clave": "G24",
  "descripcion": "Cucharada (estados unidos)"
},
{
  "_id": {
    "$oid": "658e053743262654d96c8460"
  },
  "clave": "G25",
  "descripcion": "Cucharilla (estados unidos)"
},
{
  "_id": {
    "$oid": "658e053743262654d96c8461"
  },
  "clave": "G23",
  "descripcion": "Peck"
},
{
  "_id": {
    "$oid": "658e053743262654d96c8462"
  },
  "clave": "M67",
  "descripcion": "Acre-pie"
},
{
  "_id": {
    "$oid": "658e053743262654d96c8463"
  },
  "clave": "M68",
  "descripcion": "Cordón"
},
{
  "_id": {
    "$oid": "658e053743262654d96c8464"
  },
  "clave": "M69",
  "descripcion": "Milla cúbica (reino unido)"
},
{
  "_id": {
    "$oid": "658e053743262654d96c8465"
  },
  "clave": "M70",
  "descripcion": "Unidad tradicional de capacidad de carga"
},
{
  "_id": {
    "$oid": "658e053743262654d96c8466"
  },
  "clave": "Q32",
  "descripcion": "Femtolitro"
},
{
  "_id": {
    "$oid": "658e053743262654d96c8467"
  },
  "clave": "Q33",
  "descripcion": "Picolitro"
},
{
  "_id": {
    "$oid": "658e053743262654d96c8468"
  },
  "clave": "Q34",
  "descripcion": "Nanolitro"
},
{
  "_id": {
    "$oid": "658e053743262654d96c8469"
  },
  "clave": "NM3",
  "descripcion": "Metro cúbico normalizado"
},
{
  "_id": {
    "$oid": "658e053743262654d96c846a"
  },
  "clave": "SM3",
  "descripcion": "Metro cúbico estándar"
}]