[{
  "_id": {
    "$oid": "65949c6cd806867401dafb95"
  },
  "clave": "VL",
  "descripcion": "Vehículo ligero de carga (2 llantas en el eje delantero y 2 llantas en el eje trasero)",
  "numeroDeEjes": "02",
  "numeroDeLlantas": "04",
  "remolque": "0, 1"
},
{
  "_id": {
    "$oid": "65949c6cd806867401dafb96"
  },
  "clave": "C2",
  "descripcion": "Camión Unitario (2 llantas en el eje delantero y 4 llantas en el eje trasero)",
  "numeroDeEjes": "02",
  "numeroDeLlantas": "06",
  "remolque": "0"
},
{
  "_id": {
    "$oid": "65949c6cd806867401dafb97"
  },
  "clave": "C3",
  "descripcion": "Camión Unitario (2 llantas en el eje delantero y 6 o 8 llantas en los dos ejes traseros)",
  "numeroDeEjes": "03",
  "numeroDeLlantas": "8 o 10",
  "remolque": "0"
},
{
  "_id": {
    "$oid": "65949c6cd806867401dafb98"
  },
  "clave": "C2R2",
  "descripcion": "Camión-Remolque (6 llantas en el camión y 8 llantas en remolque)",
  "numeroDeEjes": "04",
  "numeroDeLlantas": "14",
  "remolque": "1"
},
{
  "_id": {
    "$oid": "65949c6cd806867401dafb99"
  },
  "clave": "C3R2",
  "descripcion": "Camión-Remolque (10 llantas en el camión y 8 llantas en remolque)",
  "numeroDeEjes": "05",
  "numeroDeLlantas": "18",
  "remolque": "1"
},
{
  "_id": {
    "$oid": "65949c6cd806867401dafb9a"
  },
  "clave": "C2R3",
  "descripcion": "Camión-Remolque (6 llantas en el camión y 12 llantas en remolque)",
  "numeroDeEjes": "05",
  "numeroDeLlantas": "18",
  "remolque": "1"
},
{
  "_id": {
    "$oid": "65949c6cd806867401dafb9b"
  },
  "clave": "C3R3",
  "descripcion": "Camión-Remolque (10 llantas en el camión y 12 llantas en remolque)",
  "numeroDeEjes": "06",
  "numeroDeLlantas": "22",
  "remolque": "1"
},
{
  "_id": {
    "$oid": "65949c6cd806867401dafb9c"
  },
  "clave": "T2S1",
  "descripcion": "Tractocamión Articulado (6 llantas en el tractocamión, 4 llantas en el semirremolque)",
  "numeroDeEjes": "03",
  "numeroDeLlantas": "10",
  "remolque": "1"
},
{
  "_id": {
    "$oid": "65949c6cd806867401dafb9d"
  },
  "clave": "T2S2",
  "descripcion": "Tractocamión Articulado (6 llantas en el tractocamión, 8 llantas en el semirremolque)",
  "numeroDeEjes": "04",
  "numeroDeLlantas": "14",
  "remolque": "1"
},
{
  "_id": {
    "$oid": "65949c6cd806867401dafb9e"
  },
  "clave": "T2S3",
  "descripcion": "Tractocamión Articulado (6 llantas en el tractocamión, 12 llantas en el semirremolque)",
  "numeroDeEjes": "05",
  "numeroDeLlantas": "18",
  "remolque": "1"
},
{
  "_id": {
    "$oid": "65949c6cd806867401dafb9f"
  },
  "clave": "T3S1",
  "descripcion": "Tractocamión Articulado (10 llantas en el tractocamión, 4 llantas en el semirremolque)",
  "numeroDeEjes": "04",
  "numeroDeLlantas": "14",
  "remolque": "1"
},
{
  "_id": {
    "$oid": "65949c6cd806867401dafba0"
  },
  "clave": "T3S2",
  "descripcion": "Tractocamión Articulado (10 llantas en el tractocamión, 8 llantas en el semirremolque)",
  "numeroDeEjes": "05",
  "numeroDeLlantas": "18",
  "remolque": "1"
},
{
  "_id": {
    "$oid": "65949c6cd806867401dafba1"
  },
  "clave": "T3S3",
  "descripcion": "Tractocamión Articulado (10 llantas en el tractocamión, 12 llantas en el semirremolque)",
  "numeroDeEjes": "06",
  "numeroDeLlantas": "22",
  "remolque": "1"
},
{
  "_id": {
    "$oid": "65949c6cd806867401dafba2"
  },
  "clave": "T2S1R2",
  "descripcion": "Tractocamión Semirremolque-Remolque (6 llantas en el tractocamión, 4 llantas en el semirremolque y 8 llantas en el remolque)",
  "numeroDeEjes": "05",
  "numeroDeLlantas": "18",
  "remolque": "1"
},
{
  "_id": {
    "$oid": "65949c6cd806867401dafba3"
  },
  "clave": "T2S2R2",
  "descripcion": "Tractocamión Semirremolque-Remolque (6 llantas en el tractocamión, 8 llantas en el semirremolque y 8 llantas en el remolque)",
  "numeroDeEjes": "06",
  "numeroDeLlantas": "22",
  "remolque": "1"
},
{
  "_id": {
    "$oid": "65949c6cd806867401dafba4"
  },
  "clave": "T2S1R3",
  "descripcion": "Tractocamión Semirremolque-Remolque (6 llantas en el tractocamión, 4 llantas en el semirremolque y 12 llantas en el remolque)",
  "numeroDeEjes": "06",
  "numeroDeLlantas": "22",
  "remolque": "1"
},
{
  "_id": {
    "$oid": "65949c6cd806867401dafba5"
  },
  "clave": "T3S1R2",
  "descripcion": "Tractocamión Semirremolque-Remolque (10 llantas en el tractocamión, 4 llantas en el semirremolque y 8 llantas en el remolque)",
  "numeroDeEjes": "06",
  "numeroDeLlantas": "22",
  "remolque": "1"
},
{
  "_id": {
    "$oid": "65949c6cd806867401dafba6"
  },
  "clave": "T3S1R3",
  "descripcion": "Tractocamión Semirremolque-Remolque (10 llantas en el tractocamión, 4 llantas en el semirremolque y 12 llantas en el remolque)",
  "numeroDeEjes": "07",
  "numeroDeLlantas": "26",
  "remolque": "1"
},
{
  "_id": {
    "$oid": "65949c6cd806867401dafba7"
  },
  "clave": "T3S2R2",
  "descripcion": "Tractocamión Semirremolque-Remolque (10 llantas en el tractocamión, 8 llantas en el semirremolque y 8 llantas en el remolque)",
  "numeroDeEjes": "07",
  "numeroDeLlantas": "26",
  "remolque": "1"
},
{
  "_id": {
    "$oid": "65949c6cd806867401dafba8"
  },
  "clave": "T3S2R3",
  "descripcion": "Tractocamión Semirremolque-Remolque (10 llantas en el tractocamión, 8 llantas en el semirremolque y 12 llantas en el remolque)",
  "numeroDeEjes": "08",
  "numeroDeLlantas": "30",
  "remolque": "1"
},
{
  "_id": {
    "$oid": "65949c6cd806867401dafba9"
  },
  "clave": "T3S2R4",
  "descripcion": "Tractocamión Semirremolque-Remolque (10 llantas en el tractocamión, 8 llantas en el semirremolque y 16 llantas en el remolque)",
  "numeroDeEjes": "09",
  "numeroDeLlantas": "34",
  "remolque": "1"
},
{
  "_id": {
    "$oid": "65949c6cd806867401dafbaa"
  },
  "clave": "T2S2S2",
  "descripcion": "Tractocamión Semirremolque-Semirremolque (6 llantas en el tractocamión, 8 llantas en el semirremolque delantero y 8 llantas en el semirremolque trasero)",
  "numeroDeEjes": "06",
  "numeroDeLlantas": "22",
  "remolque": "1"
},
{
  "_id": {
    "$oid": "65949c6cd806867401dafbab"
  },
  "clave": "T3S2S2",
  "descripcion": "Tractocamión Semirremolque-Semirremolque (10 llantas en el tractocamión, 8 llantas en el semirremolque delantero y 8 llantas en el semirremolque trasero)",
  "numeroDeEjes": "07",
  "numeroDeLlantas": "26",
  "remolque": "1"
},
{
  "_id": {
    "$oid": "65949c6cd806867401dafbac"
  },
  "clave": "T3S3S2",
  "descripcion": "Tractocamión Semirremolque-Semirremolque (10 llantas en el tractocamión, 12 llantas en el semirremolque delantero y 8 llantas en el semirremolque trasero)",
  "numeroDeEjes": "08",
  "numeroDeLlantas": "30",
  "remolque": "1"
},
{
  "_id": {
    "$oid": "65949c6cd806867401dafbad"
  },
  "clave": "OTROEVGP",
  "descripcion": "Especializado de carga Voluminosa y/o Gran Peso",
  "remolque": "0, 1"
},
{
  "_id": {
    "$oid": "65949c6cd806867401dafbae"
  },
  "clave": "OTROSG",
  "descripcion": "Servicio de Grúas",
  "remolque": "0"
},
{
  "_id": {
    "$oid": "65949c6cd806867401dafbaf"
  },
  "clave": "GPLUTA",
  "descripcion": "Grúa de Pluma Tipo A",
  "remolque": "0"
},
{
  "_id": {
    "$oid": "65949c6cd806867401dafbb0"
  },
  "clave": "GPLUTB",
  "descripcion": "Grúa de Pluma Tipo B",
  "remolque": "0"
},
{
  "_id": {
    "$oid": "65949c6cd806867401dafbb1"
  },
  "clave": "GPLUTC",
  "descripcion": "Grúa de Pluma Tipo C",
  "remolque": "0"
},
{
  "_id": {
    "$oid": "65949c6cd806867401dafbb2"
  },
  "clave": "GPLUTD",
  "descripcion": "Grúa de Pluma Tipo D",
  "remolque": "0"
},
{
  "_id": {
    "$oid": "65949c6cd806867401dafbb3"
  },
  "clave": "GPLATA",
  "descripcion": "Grúa de Plataforma Tipo A",
  "remolque": "0"
},
{
  "_id": {
    "$oid": "65949c6cd806867401dafbb4"
  },
  "clave": "GPLATB",
  "descripcion": "Grúa de Plataforma Tipo B",
  "remolque": "0"
},
{
  "_id": {
    "$oid": "65949c6cd806867401dafbb5"
  },
  "clave": "GPLATC",
  "descripcion": "Grúa de Plataforma Tipo C",
  "remolque": "0"
},
{
  "_id": {
    "$oid": "65949c6cd806867401dafbb6"
  },
  "clave": "GPLATD",
  "descripcion": "Grúa de Plataforma Tipo D",
  "remolque": "0"
}]