[{
  "_id": {
    "$oid": "6594ae71d806867401dee7e3"
  },
  "clave": "AGU",
  "descripcion": "Aguascalientes",
  "pais": "MEX"
},
{
  "_id": {
    "$oid": "6594ae71d806867401dee7e4"
  },
  "clave": "BCN",
  "descripcion": "Baja California",
  "pais": "MEX"
},
{
  "_id": {
    "$oid": "6594ae71d806867401dee7e5"
  },
  "clave": "BCS",
  "descripcion": "Baja California Sur",
  "pais": "MEX"
},
{
  "_id": {
    "$oid": "6594ae71d806867401dee7e6"
  },
  "clave": "CAM",
  "descripcion": "Campeche",
  "pais": "MEX"
},
{
  "_id": {
    "$oid": "6594ae71d806867401dee7e7"
  },
  "clave": "CHP",
  "descripcion": "Chiapas",
  "pais": "MEX"
},
{
  "_id": {
    "$oid": "6594ae71d806867401dee7e8"
  },
  "clave": "CHH",
  "descripcion": "Chihuahua",
  "pais": "MEX"
},
{
  "_id": {
    "$oid": "6594ae71d806867401dee7e9"
  },
  "clave": "COA",
  "descripcion": "Coahuila",
  "pais": "MEX"
},
{
  "_id": {
    "$oid": "6594ae71d806867401dee7ea"
  },
  "clave": "COL",
  "descripcion": "Colima",
  "pais": "MEX"
},
{
  "_id": {
    "$oid": "6594ae71d806867401dee7eb"
  },
  "clave": "CMX",
  "descripcion": "Ciudad de México",
  "pais": "MEX"
},
{
  "_id": {
    "$oid": "6594ae71d806867401dee7ec"
  },
  "clave": "DUR",
  "descripcion": "Durango",
  "pais": "MEX"
},
{
  "_id": {
    "$oid": "6594ae71d806867401dee7ed"
  },
  "clave": "GUA",
  "descripcion": "Guanajuato",
  "pais": "MEX"
},
{
  "_id": {
    "$oid": "6594ae71d806867401dee7ee"
  },
  "clave": "GRO",
  "descripcion": "Guerrero",
  "pais": "MEX"
},
{
  "_id": {
    "$oid": "6594ae71d806867401dee7ef"
  },
  "clave": "HID",
  "descripcion": "Hidalgo",
  "pais": "MEX"
},
{
  "_id": {
    "$oid": "6594ae71d806867401dee7f0"
  },
  "clave": "JAL",
  "descripcion": "Jalisco",
  "pais": "MEX"
},
{
  "_id": {
    "$oid": "6594ae71d806867401dee7f1"
  },
  "clave": "MEX",
  "descripcion": "Estado de México",
  "pais": "MEX"
},
{
  "_id": {
    "$oid": "6594ae71d806867401dee7f2"
  },
  "clave": "MIC",
  "descripcion": "Michoacán",
  "pais": "MEX"
},
{
  "_id": {
    "$oid": "6594ae71d806867401dee7f3"
  },
  "clave": "MOR",
  "descripcion": "Morelos",
  "pais": "MEX"
},
{
  "_id": {
    "$oid": "6594ae71d806867401dee7f4"
  },
  "clave": "NAY",
  "descripcion": "Nayarit",
  "pais": "MEX"
},
{
  "_id": {
    "$oid": "6594ae71d806867401dee7f5"
  },
  "clave": "NLE",
  "descripcion": "Nuevo León",
  "pais": "MEX"
},
{
  "_id": {
    "$oid": "6594ae71d806867401dee7f6"
  },
  "clave": "OAX",
  "descripcion": "Oaxaca",
  "pais": "MEX"
},
{
  "_id": {
    "$oid": "6594ae71d806867401dee7f7"
  },
  "clave": "PUE",
  "descripcion": "Puebla",
  "pais": "MEX"
},
{
  "_id": {
    "$oid": "6594ae71d806867401dee7f8"
  },
  "clave": "QUE",
  "descripcion": "Querétaro",
  "pais": "MEX"
},
{
  "_id": {
    "$oid": "6594ae71d806867401dee7f9"
  },
  "clave": "ROO",
  "descripcion": "Quintana Roo",
  "pais": "MEX"
},
{
  "_id": {
    "$oid": "6594ae71d806867401dee7fa"
  },
  "clave": "SLP",
  "descripcion": "San Luis Potosí",
  "pais": "MEX"
},
{
  "_id": {
    "$oid": "6594ae71d806867401dee7fb"
  },
  "clave": "SIN",
  "descripcion": "Sinaloa",
  "pais": "MEX"
},
{
  "_id": {
    "$oid": "6594ae71d806867401dee7fc"
  },
  "clave": "SON",
  "descripcion": "Sonora",
  "pais": "MEX"
},
{
  "_id": {
    "$oid": "6594ae71d806867401dee7fd"
  },
  "clave": "TAB",
  "descripcion": "Tabasco",
  "pais": "MEX"
},
{
  "_id": {
    "$oid": "6594ae71d806867401dee7fe"
  },
  "clave": "TAM",
  "descripcion": "Tamaulipas",
  "pais": "MEX"
},
{
  "_id": {
    "$oid": "6594ae71d806867401dee7ff"
  },
  "clave": "TLA",
  "descripcion": "Tlaxcala",
  "pais": "MEX"
},
{
  "_id": {
    "$oid": "6594ae71d806867401dee800"
  },
  "clave": "VER",
  "descripcion": "Veracruz",
  "pais": "MEX"
},
{
  "_id": {
    "$oid": "6594ae71d806867401dee801"
  },
  "clave": "YUC",
  "descripcion": "Yucatán",
  "pais": "MEX"
},
{
  "_id": {
    "$oid": "6594ae71d806867401dee802"
  },
  "clave": "ZAC",
  "descripcion": "Zacatecas",
  "pais": "MEX"
},
{
  "_id": {
    "$oid": "6594ae71d806867401dee803"
  },
  "clave": "AL",
  "descripcion": "Alabama",
  "pais": "USA"
},
{
  "_id": {
    "$oid": "6594ae71d806867401dee804"
  },
  "clave": "AK",
  "descripcion": "Alaska",
  "pais": "USA"
},
{
  "_id": {
    "$oid": "6594ae71d806867401dee805"
  },
  "clave": "AZ",
  "descripcion": "Arizona",
  "pais": "USA"
},
{
  "_id": {
    "$oid": "6594ae71d806867401dee806"
  },
  "clave": "AR",
  "descripcion": "Arkansas",
  "pais": "USA"
},
{
  "_id": {
    "$oid": "6594ae71d806867401dee807"
  },
  "clave": "CA",
  "descripcion": "California",
  "pais": "USA"
},
{
  "_id": {
    "$oid": "6594ae71d806867401dee808"
  },
  "clave": "NC",
  "descripcion": "Carolina del Norte",
  "pais": "USA"
},
{
  "_id": {
    "$oid": "6594ae71d806867401dee809"
  },
  "clave": "SC",
  "descripcion": "Carolina del Sur",
  "pais": "USA"
},
{
  "_id": {
    "$oid": "6594ae71d806867401dee80a"
  },
  "clave": "CO",
  "descripcion": "Colorado",
  "pais": "USA"
},
{
  "_id": {
    "$oid": "6594ae71d806867401dee80b"
  },
  "clave": "CT",
  "descripcion": "Connecticut",
  "pais": "USA"
},
{
  "_id": {
    "$oid": "6594ae71d806867401dee80c"
  },
  "clave": "ND",
  "descripcion": "Dakota del Norte",
  "pais": "USA"
},
{
  "_id": {
    "$oid": "6594ae71d806867401dee80d"
  },
  "clave": "SD",
  "descripcion": "Dakota del Sur",
  "pais": "USA"
},
{
  "_id": {
    "$oid": "6594ae71d806867401dee80e"
  },
  "clave": "DE",
  "descripcion": "Delaware",
  "pais": "USA"
},
{
  "_id": {
    "$oid": "6594ae71d806867401dee80f"
  },
  "clave": "FL",
  "descripcion": "Florida",
  "pais": "USA"
},
{
  "_id": {
    "$oid": "6594ae71d806867401dee810"
  },
  "clave": "GA",
  "descripcion": "Georgia",
  "pais": "USA"
},
{
  "_id": {
    "$oid": "6594ae71d806867401dee811"
  },
  "clave": "HI",
  "descripcion": "Hawái",
  "pais": "USA"
},
{
  "_id": {
    "$oid": "6594ae71d806867401dee812"
  },
  "clave": "ID",
  "descripcion": "Idaho",
  "pais": "USA"
},
{
  "_id": {
    "$oid": "6594ae71d806867401dee813"
  },
  "clave": "IL",
  "descripcion": "Illinois",
  "pais": "USA"
},
{
  "_id": {
    "$oid": "6594ae71d806867401dee814"
  },
  "clave": "IN",
  "descripcion": "Indiana",
  "pais": "USA"
},
{
  "_id": {
    "$oid": "6594ae71d806867401dee815"
  },
  "clave": "IA",
  "descripcion": "Iowa",
  "pais": "USA"
},
{
  "_id": {
    "$oid": "6594ae71d806867401dee816"
  },
  "clave": "KS",
  "descripcion": "Kansas",
  "pais": "USA"
},
{
  "_id": {
    "$oid": "6594ae71d806867401dee817"
  },
  "clave": "KY",
  "descripcion": "Kentucky",
  "pais": "USA"
},
{
  "_id": {
    "$oid": "6594ae71d806867401dee818"
  },
  "clave": "LA",
  "descripcion": "Luisiana",
  "pais": "USA"
},
{
  "_id": {
    "$oid": "6594ae71d806867401dee819"
  },
  "clave": "ME",
  "descripcion": "Maine",
  "pais": "USA"
},
{
  "_id": {
    "$oid": "6594ae71d806867401dee81a"
  },
  "clave": "MD",
  "descripcion": "Maryland",
  "pais": "USA"
},
{
  "_id": {
    "$oid": "6594ae71d806867401dee81b"
  },
  "clave": "MA",
  "descripcion": "Massachusetts",
  "pais": "USA"
},
{
  "_id": {
    "$oid": "6594ae71d806867401dee81c"
  },
  "clave": "MI",
  "descripcion": "Míchigan",
  "pais": "USA"
},
{
  "_id": {
    "$oid": "6594ae71d806867401dee81d"
  },
  "clave": "MN",
  "descripcion": "Minnesota",
  "pais": "USA"
},
{
  "_id": {
    "$oid": "6594ae71d806867401dee81e"
  },
  "clave": "MS",
  "descripcion": "Misisipi",
  "pais": "USA"
},
{
  "_id": {
    "$oid": "6594ae71d806867401dee81f"
  },
  "clave": "MO",
  "descripcion": "Misuri",
  "pais": "USA"
},
{
  "_id": {
    "$oid": "6594ae71d806867401dee820"
  },
  "clave": "MT",
  "descripcion": "Montana",
  "pais": "USA"
},
{
  "_id": {
    "$oid": "6594ae71d806867401dee821"
  },
  "clave": "NE",
  "descripcion": "Nebraska",
  "pais": "USA"
},
{
  "_id": {
    "$oid": "6594ae71d806867401dee822"
  },
  "clave": "NV",
  "descripcion": "Nevada",
  "pais": "USA"
},
{
  "_id": {
    "$oid": "6594ae71d806867401dee823"
  },
  "clave": "NJ",
  "descripcion": "Nueva Jersey",
  "pais": "USA"
},
{
  "_id": {
    "$oid": "6594ae71d806867401dee824"
  },
  "clave": "NY",
  "descripcion": "Nueva York",
  "pais": "USA"
},
{
  "_id": {
    "$oid": "6594ae71d806867401dee825"
  },
  "clave": "NH",
  "descripcion": "Nuevo Hampshire",
  "pais": "USA"
},
{
  "_id": {
    "$oid": "6594ae71d806867401dee826"
  },
  "clave": "NM",
  "descripcion": "Nuevo México",
  "pais": "USA"
},
{
  "_id": {
    "$oid": "6594ae71d806867401dee827"
  },
  "clave": "OH",
  "descripcion": "Ohio",
  "pais": "USA"
},
{
  "_id": {
    "$oid": "6594ae71d806867401dee828"
  },
  "clave": "OK",
  "descripcion": "Oklahoma",
  "pais": "USA"
},
{
  "_id": {
    "$oid": "6594ae71d806867401dee829"
  },
  "clave": "OR",
  "descripcion": "Oregón",
  "pais": "USA"
},
{
  "_id": {
    "$oid": "6594ae71d806867401dee82a"
  },
  "clave": "PA",
  "descripcion": "Pensilvania",
  "pais": "USA"
},
{
  "_id": {
    "$oid": "6594ae71d806867401dee82b"
  },
  "clave": "RI",
  "descripcion": "Rhode Island",
  "pais": "USA"
},
{
  "_id": {
    "$oid": "6594ae71d806867401dee82c"
  },
  "clave": "TN",
  "descripcion": "Tennessee",
  "pais": "USA"
},
{
  "_id": {
    "$oid": "6594ae71d806867401dee82d"
  },
  "clave": "TX",
  "descripcion": "Texas",
  "pais": "USA"
},
{
  "_id": {
    "$oid": "6594ae71d806867401dee82e"
  },
  "clave": "UT",
  "descripcion": "Utah",
  "pais": "USA"
},
{
  "_id": {
    "$oid": "6594ae71d806867401dee82f"
  },
  "clave": "VT",
  "descripcion": "Vermont",
  "pais": "USA"
},
{
  "_id": {
    "$oid": "6594ae71d806867401dee830"
  },
  "clave": "VA",
  "descripcion": "Virginia",
  "pais": "USA"
},
{
  "_id": {
    "$oid": "6594ae71d806867401dee831"
  },
  "clave": "WV",
  "descripcion": "Virginia Occidental",
  "pais": "USA"
},
{
  "_id": {
    "$oid": "6594ae71d806867401dee832"
  },
  "clave": "WA",
  "descripcion": "Washington",
  "pais": "USA"
},
{
  "_id": {
    "$oid": "6594ae71d806867401dee833"
  },
  "clave": "WI",
  "descripcion": "Wisconsin",
  "pais": "USA"
},
{
  "_id": {
    "$oid": "6594ae71d806867401dee834"
  },
  "clave": "WY",
  "descripcion": "Wyoming",
  "pais": "USA"
},
{
  "_id": {
    "$oid": "6594ae71d806867401dee835"
  },
  "clave": "ON",
  "descripcion": "Ontario ",
  "pais": "CAN"
},
{
  "_id": {
    "$oid": "6594ae71d806867401dee836"
  },
  "clave": "QC",
  "descripcion": " Quebec ",
  "pais": "CAN"
},
{
  "_id": {
    "$oid": "6594ae71d806867401dee837"
  },
  "clave": "NS",
  "descripcion": " Nueva Escocia",
  "pais": "CAN"
},
{
  "_id": {
    "$oid": "6594ae71d806867401dee838"
  },
  "clave": "NB",
  "descripcion": "Nuevo Brunswick ",
  "pais": "CAN"
},
{
  "_id": {
    "$oid": "6594ae71d806867401dee839"
  },
  "clave": "MB",
  "descripcion": " Manitoba",
  "pais": "CAN"
},
{
  "_id": {
    "$oid": "6594ae71d806867401dee83a"
  },
  "clave": "BC",
  "descripcion": " Columbia Británica",
  "pais": "CAN"
},
{
  "_id": {
    "$oid": "6594ae71d806867401dee83b"
  },
  "clave": "PE",
  "descripcion": " Isla del Príncipe Eduardo",
  "pais": "CAN"
},
{
  "_id": {
    "$oid": "6594ae71d806867401dee83c"
  },
  "clave": "SK",
  "descripcion": " Saskatchewan",
  "pais": "CAN"
},
{
  "_id": {
    "$oid": "6594ae71d806867401dee83d"
  },
  "clave": "AB",
  "descripcion": " Alberta",
  "pais": "CAN"
},
{
  "_id": {
    "$oid": "6594ae71d806867401dee83e"
  },
  "clave": "NL",
  "descripcion": " Terranova y Labrador",
  "pais": "CAN"
},
{
  "_id": {
    "$oid": "6594ae71d806867401dee83f"
  },
  "clave": "NT",
  "descripcion": " Territorios del Noroeste",
  "pais": "CAN"
},
{
  "_id": {
    "$oid": "6594ae71d806867401dee840"
  },
  "clave": "YT",
  "descripcion": " Yukón",
  "pais": "CAN"
},
{
  "_id": {
    "$oid": "6594ae71d806867401dee841"
  },
  "clave": "UN",
  "descripcion": " Nunavut",
  "pais": "CAN"
}]