[{
  "_id": {
    "$oid": "6595bbebd806867401dee965"
  },
  "clave": "01",
  "descripcion": "No aplica"
},
{
  "_id": {
    "$oid": "6595bc1bd806867401dee966"
  },
  "clave": "02",
  "descripcion": "Definitiva con clave A1"
},
{
  "_id": {
    "$oid": "6595bc2ed806867401dee967"
  },
  "clave": "03",
  "descripcion": "Temporal"
},
{
  "_id": {
    "$oid": "6595bc46d806867401dee968"
  },
  "clave": "04",
  "descripcion": "Definitiva con clave distinta a A1 o cuando no existe enajenación en términos del CFF"
}]