[{
  "_id": {
    "$oid": "652722d0472ddcb48edef93e"
  },
  "clave": "01",
  "descripcion": "Efectivo",
  "bancarizado": "No"
},
{
  "_id": {
    "$oid": "652722d0472ddcb48edef93f"
  },
  "clave": "02",
  "descripcion": "Cheque nominativo",
  "bancarizado": "Si"
},
{
  "_id": {
    "$oid": "652722d0472ddcb48edef940"
  },
  "clave": "03",
  "descripcion": "Transferencia electrónica de fondos",
  "bancarizado": "Si"
},
{
  "_id": {
    "$oid": "652722d0472ddcb48edef941"
  },
  "clave": "04",
  "descripcion": "Tarjeta de crédito",
  "bancarizado": "Si"
},
{
  "_id": {
    "$oid": "652722d0472ddcb48edef942"
  },
  "clave": "05",
  "descripcion": "Monedero electrónico",
  "bancarizado": "Si"
},
{
  "_id": {
    "$oid": "652722d0472ddcb48edef943"
  },
  "clave": "06",
  "descripcion": "Dinero electrónico",
  "bancarizado": "Si"
},
{
  "_id": {
    "$oid": "652722d0472ddcb48edef944"
  },
  "clave": "08",
  "descripcion": "Vales de despensa",
  "bancarizado": "No"
},
{
  "_id": {
    "$oid": "652722d0472ddcb48edef945"
  },
  "clave": "12",
  "descripcion": "Dación en pago",
  "bancarizado": "No"
},
{
  "_id": {
    "$oid": "652722d0472ddcb48edef946"
  },
  "clave": "13",
  "descripcion": "Pago por subrogación",
  "bancarizado": "No"
},
{
  "_id": {
    "$oid": "652722d0472ddcb48edef947"
  },
  "clave": "14",
  "descripcion": "Pago por consignación",
  "bancarizado": "No"
},
{
  "_id": {
    "$oid": "652722d0472ddcb48edef948"
  },
  "clave": "15",
  "descripcion": "Condonación",
  "bancarizado": "No"
},
{
  "_id": {
    "$oid": "652722d0472ddcb48edef949"
  },
  "clave": "17",
  "descripcion": "Compensación",
  "bancarizado": "No"
},
{
  "_id": {
    "$oid": "652722d0472ddcb48edef94a"
  },
  "clave": "23",
  "descripcion": "Novación",
  "bancarizado": "No"
},
{
  "_id": {
    "$oid": "652722d0472ddcb48edef94b"
  },
  "clave": "24",
  "descripcion": "Confusión",
  "bancarizado": "No"
},
{
  "_id": {
    "$oid": "652722d0472ddcb48edef94c"
  },
  "clave": "25",
  "descripcion": "Remisión de deuda",
  "bancarizado": "No"
},
{
  "_id": {
    "$oid": "652722d0472ddcb48edef94d"
  },
  "clave": "26",
  "descripcion": "Prescripción o caducidad",
  "bancarizado": "No"
},
{
  "_id": {
    "$oid": "652722d0472ddcb48edef94e"
  },
  "clave": "27",
  "descripcion": "A satisfacción del acreedor",
  "bancarizado": "No"
},
{
  "_id": {
    "$oid": "652722d0472ddcb48edef94f"
  },
  "clave": "28",
  "descripcion": "Tarjeta de débito",
  "bancarizado": "Si"
},
{
  "_id": {
    "$oid": "652722d0472ddcb48edef950"
  },
  "clave": "29",
  "descripcion": "Tarjeta de servicios",
  "bancarizado": "Si"
},
{
  "_id": {
    "$oid": "652722d0472ddcb48edef951"
  },
  "clave": "30",
  "descripcion": "Aplicación de anticipos",
  "bancarizado": "No"
},
{
  "_id": {
    "$oid": "652722d0472ddcb48edef952"
  },
  "clave": "31",
  "descripcion": "Intermediario pagos",
  "bancarizado": "No"
},
{
  "_id": {
    "$oid": "652722d0472ddcb48edef953"
  },
  "clave": "99",
  "descripcion": "Por definir",
  "bancarizado": "Opcional"
}]