[{
  "_id": {
    "$oid": "659da4a854fef04af60328cf"
  },
  "impuesto": "001",
  "tipoFactor": "Tasa",
  "tasaOCuota": 0.1,
  "tipo": "Retencion",
  "nombre": "ISR (10.0000%)"
},
{
  "_id": {
    "$oid": "659da4a854fef04af60328d0"
  },
  "impuesto": "001",
  "tipoFactor": "Tasa",
  "tasaOCuota": 0.0125,
  "tipo": "Retencion",
  "nombre": "ISR (1.2500%)"
},
{
  "_id": {
    "$oid": "659da4a854fef04af60328d1"
  },
  "impuesto": "002",
  "tipoFactor": "Tasa",
  "tasaOCuota": 0.106667,
  "tipo": "Retencion",
  "nombre": "IVA (10.6667%)"
},
{
  "_id": {
    "$oid": "659da4a854fef04af60328d2"
  },
  "impuesto": "002",
  "tipoFactor": "Tasa",
  "tasaOCuota": 0.23,
  "tipo": "Retencion",
  "nombre": "IVA (23.0000%)"
},
{
  "_id": {
    "$oid": "659da4a854fef04af60328d3"
  },
  "impuesto": "002",
  "tipoFactor": "Tasa",
  "tasaOCuota": 0.06,
  "tipo": "Retencion",
  "nombre": "IVA (6.0000%)"
},
{
  "_id": {
    "$oid": "659da4a854fef04af60328d4"
  },
  "impuesto": "002",
  "tipoFactor": "Tasa",
  "tasaOCuota": 0.16,
  "tipo": "Traslado",
  "nombre": "IVA (16.0000%)"
},
{
  "_id": {
    "$oid": "659da4a854fef04af60328d5"
  },
  "impuesto": "002",
  "tipoFactor": "Tasa",
  "tasaOCuota": 0.08,
  "tipo": "Traslado",
  "nombre": "IVA (8.0000%)"
},
{
  "_id": {
    "$oid": "659da4a854fef04af60328d6"
  },
  "impuesto": "002",
  "tipoFactor": "Tasa",
  "tasaOCuota": 0,
  "tipo": "Traslado",
  "nombre": "IVA (0.0000%)"
},
{
  "_id": {
    "$oid": "659da4a854fef04af60328d7"
  },
  "impuesto": "002",
  "tipoFactor": "Exento",
  "tasaOCuota": 0,
  "tipo": "Traslado",
  "nombre": "IVA (EXENTO)"
},
{
  "_id": {
    "$oid": "659da4a854fef04af60328d8"
  },
  "impuesto": "002",
  "tipoFactor": "Tasa",
  "tasaOCuota": 0.04,
  "tipo": "Retencion",
  "nombre": "IVA (4.0000%)"
},
{
  "_id": {
    "$oid": "659da4a854fef04af60328d9"
  },
  "impuesto": "003",
  "tipoFactor": "Tasa",
  "tasaOCuota": 0.03,
  "tipo": "Traslado",
  "nombre": "IEPS (3.0000%)"
},
{
  "_id": {
    "$oid": "659da4a854fef04af60328da"
  },
  "impuesto": "003",
  "tipoFactor": "Tasa",
  "tasaOCuota": 0.08,
  "tipo": "Traslado",
  "nombre": "IEPS (8.0000%)"
}]