[{
  "_id": {
    "$oid": "659c4db954fef04af601b269"
  },
  "clave": "CFR",
  "descripcion": "COSTE Y FLETE (PUERTO DE DESTINO CONVENIDO)"
},
{
  "_id": {
    "$oid": "659c4db954fef04af601b26a"
  },
  "clave": "CIF",
  "descripcion": "COSTE, SEGURO Y FLETE (PUERTO DE DESTINO CONVENIDO)"
},
{
  "_id": {
    "$oid": "659c4db954fef04af601b26b"
  },
  "clave": "CPT",
  "descripcion": "TRANSPORTE PAGADO HASTA (EL LUGAR DE DESTINO CONVENIDO)"
},
{
  "_id": {
    "$oid": "659c4db954fef04af601b26c"
  },
  "clave": "CIP",
  "descripcion": "TRANSPORTE Y SEGURO PAGADOS HASTA (LUGAR DE DESTINO CONVENIDO)"
},
{
  "_id": {
    "$oid": "659c4db954fef04af601b26d"
  },
  "clave": "DAP",
  "descripcion": "ENTREGADA EN LUGAR"
},
{
  "_id": {
    "$oid": "659c4db954fef04af601b26e"
  },
  "clave": "DDP",
  "descripcion": "ENTREGADA DERECHOS PAGADOS (LUGAR DE DESTINO CONVENIDO)"
},
{
  "_id": {
    "$oid": "659c4db954fef04af601b26f"
  },
  "clave": "DPU",
  "descripcion": "ENTREGADA Y DESCARGADA EN LUGAR ACORDADO"
},
{
  "_id": {
    "$oid": "659c4db954fef04af601b270"
  },
  "clave": "EXW",
  "descripcion": "EN FABRICA (LUGAR CONVENIDO)"
},
{
  "_id": {
    "$oid": "659c4db954fef04af601b271"
  },
  "clave": "FCA",
  "descripcion": "FRANCO TRANSPORTISTA (LUGAR DESIGNADO)"
},
{
  "_id": {
    "$oid": "659c4db954fef04af601b272"
  },
  "clave": "FAS",
  "descripcion": "FRANCO AL COSTADO DEL BUQUE (PUERTO DE CARGA CONVENIDO)"
},
{
  "_id": {
    "$oid": "659c4db954fef04af601b273"
  },
  "clave": "FOB",
  "descripcion": "FRANCO A BORDO (PUERTO DE CARGA CONVENIDO)"
}]