[{
  "_id": {
    "$oid": "6594adaad806867401dedbaa"
  },
  "clave": "01",
  "descripcion": "Aguascalientes",
  "estado": "AGU"
},
{
  "_id": {
    "$oid": "6594adaad806867401dedbab"
  },
  "clave": "01",
  "descripcion": "Ensenada",
  "estado": "BCN"
},
{
  "_id": {
    "$oid": "6594adaad806867401dedbac"
  },
  "clave": "01",
  "descripcion": "Ciudad Constitución",
  "estado": "BCS"
},
{
  "_id": {
    "$oid": "6594adaad806867401dedbad"
  },
  "clave": "01",
  "descripcion": "San Francisco de Campeche",
  "estado": "CAM"
},
{
  "_id": {
    "$oid": "6594adaad806867401dedbae"
  },
  "clave": "01",
  "descripcion": "Ciudad Acuña",
  "estado": "COA"
},
{
  "_id": {
    "$oid": "6594adaad806867401dedbaf"
  },
  "clave": "01",
  "descripcion": "Colima",
  "estado": "COL"
},
{
  "_id": {
    "$oid": "6594adaad806867401dedbb0"
  },
  "clave": "01",
  "descripcion": "Santa Rosalía de Camargo",
  "estado": "CHH"
},
{
  "_id": {
    "$oid": "6594adaad806867401dedbb1"
  },
  "clave": "01",
  "descripcion": "Comitán de Domínguez",
  "estado": "CHP"
},
{
  "_id": {
    "$oid": "6594adaad806867401dedbb2"
  },
  "clave": "01",
  "descripcion": "Ciudad de México",
  "estado": "CMX"
},
{
  "_id": {
    "$oid": "6594adaad806867401dedbb3"
  },
  "clave": "01",
  "descripcion": "Victoria de Durango",
  "estado": "DUR"
},
{
  "_id": {
    "$oid": "6594adaad806867401dedbb4"
  },
  "clave": "01",
  "descripcion": "Acapulco de Juárez",
  "estado": "GRO"
},
{
  "_id": {
    "$oid": "6594adaad806867401dedbb5"
  },
  "clave": "01",
  "descripcion": "Acámbaro",
  "estado": "GUA"
},
{
  "_id": {
    "$oid": "6594adaad806867401dedbb6"
  },
  "clave": "01",
  "descripcion": "Actopan",
  "estado": "HID"
},
{
  "_id": {
    "$oid": "6594adaad806867401dedbb7"
  },
  "clave": "01",
  "descripcion": "Ameca",
  "estado": "JAL"
},
{
  "_id": {
    "$oid": "6594adaad806867401dedbb8"
  },
  "clave": "01",
  "descripcion": "Ciudad Adolfo López Mateos",
  "estado": "MEX"
},
{
  "_id": {
    "$oid": "6594adaad806867401dedbb9"
  },
  "clave": "01",
  "descripcion": "Apatzingán de la Constitución",
  "estado": "MIC"
},
{
  "_id": {
    "$oid": "6594adaad806867401dedbba"
  },
  "clave": "01",
  "descripcion": "Cuautla (Cuautla de Morelos)",
  "estado": "MOR"
},
{
  "_id": {
    "$oid": "6594adaad806867401dedbbb"
  },
  "clave": "01",
  "descripcion": "Santiago Ixcuintla",
  "estado": "NAY"
},
{
  "_id": {
    "$oid": "6594adaad806867401dedbbc"
  },
  "clave": "01",
  "descripcion": "Ciudad Apodaca",
  "estado": "NLE"
},
{
  "_id": {
    "$oid": "6594adaad806867401dedbbd"
  },
  "clave": "01",
  "descripcion": "Juchitán (Juchitán de Zaragoza)",
  "estado": "OAX"
},
{
  "_id": {
    "$oid": "6594adaad806867401dedbbe"
  },
  "clave": "01",
  "descripcion": "Atlixco",
  "estado": "PUE"
},
{
  "_id": {
    "$oid": "6594adaad806867401dedbbf"
  },
  "clave": "01",
  "descripcion": "Querétaro",
  "estado": "QUE"
},
{
  "_id": {
    "$oid": "6594adaad806867401dedbc0"
  },
  "clave": "01",
  "descripcion": "Cancún",
  "estado": "ROO"
},
{
  "_id": {
    "$oid": "6594adaad806867401dedbc1"
  },
  "clave": "01",
  "descripcion": "Los Mochis",
  "estado": "SIN"
},
{
  "_id": {
    "$oid": "6594adaad806867401dedbc2"
  },
  "clave": "01",
  "descripcion": "Ciudad Valles",
  "estado": "SLP"
},
{
  "_id": {
    "$oid": "6594adaad806867401dedbc3"
  },
  "clave": "01",
  "descripcion": "San Luis Río Colorado",
  "estado": "SON"
},
{
  "_id": {
    "$oid": "6594adaad806867401dedbc4"
  },
  "clave": "01",
  "descripcion": "Cárdenas",
  "estado": "TAB"
},
{
  "_id": {
    "$oid": "6594adaad806867401dedbc5"
  },
  "clave": "01",
  "descripcion": "Altamira",
  "estado": "TAM"
},
{
  "_id": {
    "$oid": "6594adaad806867401dedbc6"
  },
  "clave": "01",
  "descripcion": "Apizaco",
  "estado": "TLA"
},
{
  "_id": {
    "$oid": "6594adaad806867401dedbc7"
  },
  "clave": "01",
  "descripcion": "Acayucan",
  "estado": "VER"
},
{
  "_id": {
    "$oid": "6594adaad806867401dedbc8"
  },
  "clave": "01",
  "descripcion": "Mérida",
  "estado": "YUC"
},
{
  "_id": {
    "$oid": "6594adaad806867401dedbc9"
  },
  "clave": "01",
  "descripcion": "Fresnillo",
  "estado": "ZAC"
},
{
  "_id": {
    "$oid": "6594adaad806867401dedbca"
  },
  "clave": "02",
  "descripcion": "Calvillo",
  "estado": "AGU"
},
{
  "_id": {
    "$oid": "6594adaad806867401dedbcb"
  },
  "clave": "02",
  "descripcion": "Mexicali",
  "estado": "BCN"
},
{
  "_id": {
    "$oid": "6594adaad806867401dedbcc"
  },
  "clave": "02",
  "descripcion": "La Paz",
  "estado": "BCS"
},
{
  "_id": {
    "$oid": "6594adaad806867401dedbcd"
  },
  "clave": "02",
  "descripcion": "Ciudad del Carmen",
  "estado": "CAM"
},
{
  "_id": {
    "$oid": "6594adaad806867401dedbce"
  },
  "clave": "02",
  "descripcion": "Frontera",
  "estado": "COA"
},
{
  "_id": {
    "$oid": "6594adaad806867401dedbcf"
  },
  "clave": "02",
  "descripcion": "Manzanillo",
  "estado": "COL"
},
{
  "_id": {
    "$oid": "6594adaad806867401dedbd0"
  },
  "clave": "02",
  "descripcion": "Chihuahua",
  "estado": "CHH"
},
{
  "_id": {
    "$oid": "6594adaad806867401dedbd1"
  },
  "clave": "02",
  "descripcion": "San Cristóbal de las Casas",
  "estado": "CHP"
},
{
  "_id": {
    "$oid": "6594adaad806867401dedbd2"
  },
  "clave": "02",
  "descripcion": "Ciudad de México",
  "estado": "CMX"
},
{
  "_id": {
    "$oid": "6594adaad806867401dedbd3"
  },
  "clave": "02",
  "descripcion": "Gómez Palacio",
  "estado": "DUR"
},
{
  "_id": {
    "$oid": "6594adaad806867401dedbd4"
  },
  "clave": "02",
  "descripcion": "Chilpancingo de los Bravo",
  "estado": "GRO"
},
{
  "_id": {
    "$oid": "6594adaad806867401dedbd5"
  },
  "clave": "02",
  "descripcion": "San miguel de Allende",
  "estado": "GUA"
},
{
  "_id": {
    "$oid": "6594adaad806867401dedbd6"
  },
  "clave": "02",
  "descripcion": "Apan",
  "estado": "HID"
},
{
  "_id": {
    "$oid": "6594adaad806867401dedbd7"
  },
  "clave": "02",
  "descripcion": "Ciudad Guzmán",
  "estado": "JAL"
},
{
  "_id": {
    "$oid": "6594adaad806867401dedbd8"
  },
  "clave": "02",
  "descripcion": "Chimalhuacán",
  "estado": "MEX"
},
{
  "_id": {
    "$oid": "6594adaad806867401dedbd9"
  },
  "clave": "02",
  "descripcion": "Los Reyes de Salgado",
  "estado": "MIC"
},
{
  "_id": {
    "$oid": "6594adaad806867401dedbda"
  },
  "clave": "02",
  "descripcion": "Cuernavaca",
  "estado": "MOR"
},
{
  "_id": {
    "$oid": "6594adaad806867401dedbdb"
  },
  "clave": "02",
  "descripcion": "Tepic",
  "estado": "NAY"
},
{
  "_id": {
    "$oid": "6594adaad806867401dedbdc"
  },
  "clave": "02",
  "descripcion": "San Pedro Garza García",
  "estado": "NLE"
},
{
  "_id": {
    "$oid": "6594adaad806867401dedbdd"
  },
  "clave": "02",
  "descripcion": "Oaxaca de Juárez",
  "estado": "OAX"
},
{
  "_id": {
    "$oid": "6594adaad806867401dedbde"
  },
  "clave": "02",
  "descripcion": "Izúcar de Matamoros",
  "estado": "PUE"
},
{
  "_id": {
    "$oid": "6594adaad806867401dedbdf"
  },
  "clave": "02",
  "descripcion": "San Juan del Rio",
  "estado": "QUE"
},
{
  "_id": {
    "$oid": "6594adaad806867401dedbe0"
  },
  "clave": "02",
  "descripcion": "Cozumel",
  "estado": "ROO"
},
{
  "_id": {
    "$oid": "6594adaad806867401dedbe1"
  },
  "clave": "02",
  "descripcion": "Culiacán Rosales",
  "estado": "SIN"
},
{
  "_id": {
    "$oid": "6594adaad806867401dedbe2"
  },
  "clave": "02",
  "descripcion": "Ébano",
  "estado": "SLP"
},
{
  "_id": {
    "$oid": "6594adaad806867401dedbe3"
  },
  "clave": "02",
  "descripcion": "Agua Prieta",
  "estado": "SON"
},
{
  "_id": {
    "$oid": "6594adaad806867401dedbe4"
  },
  "clave": "02",
  "descripcion": "Villahermosa",
  "estado": "TAB"
},
{
  "_id": {
    "$oid": "6594adaad806867401dedbe5"
  },
  "clave": "02",
  "descripcion": "Ciudad Camargo",
  "estado": "TAM"
},
{
  "_id": {
    "$oid": "6594adaad806867401dedbe6"
  },
  "clave": "02",
  "descripcion": "Villa Vicente Guerrero",
  "estado": "TLA"
},
{
  "_id": {
    "$oid": "6594adaad806867401dedbe7"
  },
  "clave": "02",
  "descripcion": "Naranjos",
  "estado": "VER"
},
{
  "_id": {
    "$oid": "6594adaad806867401dedbe8"
  },
  "clave": "02",
  "descripcion": "Tizimín",
  "estado": "YUC"
},
{
  "_id": {
    "$oid": "6594adaad806867401dedbe9"
  },
  "clave": "02",
  "descripcion": "Jerez de García Salinas",
  "estado": "ZAC"
},
{
  "_id": {
    "$oid": "6594adaad806867401dedbea"
  },
  "clave": "03",
  "descripcion": "San Francisco de los Romo",
  "estado": "AGU"
},
{
  "_id": {
    "$oid": "6594adaad806867401dedbeb"
  },
  "clave": "03",
  "descripcion": "Tecate",
  "estado": "BCN"
},
{
  "_id": {
    "$oid": "6594adaad806867401dedbec"
  },
  "clave": "03",
  "descripcion": "Cabo San Lucas",
  "estado": "BCS"
},
{
  "_id": {
    "$oid": "6594adaad806867401dedbed"
  },
  "clave": "03",
  "descripcion": "Calkiní",
  "estado": "CAM"
},
{
  "_id": {
    "$oid": "6594adaad806867401dedbee"
  },
  "clave": "03",
  "descripcion": "Matamoros",
  "estado": "COA"
},
{
  "_id": {
    "$oid": "6594adaad806867401dedbef"
  },
  "clave": "03",
  "descripcion": "Tecoman",
  "estado": "COL"
},
{
  "_id": {
    "$oid": "6594adaad806867401dedbf0"
  },
  "clave": "03",
  "descripcion": "Cuauhtémoc",
  "estado": "CHH"
},
{
  "_id": {
    "$oid": "6594adaad806867401dedbf1"
  },
  "clave": "03",
  "descripcion": "Tapachula de Córdova y Ordóñez",
  "estado": "CHP"
},
{
  "_id": {
    "$oid": "6594adaad806867401dedbf2"
  },
  "clave": "03",
  "descripcion": "Ciudad de México",
  "estado": "CMX"
},
{
  "_id": {
    "$oid": "6594adaad806867401dedbf3"
  },
  "clave": "03",
  "descripcion": "Ciudad Lerdo",
  "estado": "DUR"
},
{
  "_id": {
    "$oid": "6594adaad806867401dedbf4"
  },
  "clave": "03",
  "descripcion": "Iguala de la Independencia",
  "estado": "GRO"
},
{
  "_id": {
    "$oid": "6594adaad806867401dedbf5"
  },
  "clave": "03",
  "descripcion": "Celaya",
  "estado": "GUA"
},
{
  "_id": {
    "$oid": "6594adaad806867401dedbf6"
  },
  "clave": "03",
  "descripcion": "Pachuca de Soto",
  "estado": "HID"
},
{
  "_id": {
    "$oid": "6594adaad806867401dedbf7"
  },
  "clave": "03",
  "descripcion": "Guadalajara",
  "estado": "JAL"
},
{
  "_id": {
    "$oid": "6594adaad806867401dedbf8"
  },
  "clave": "03",
  "descripcion": "Coacalco de Berriozabal",
  "estado": "MEX"
},
{
  "_id": {
    "$oid": "6594adaad806867401dedbf9"
  },
  "clave": "03",
  "descripcion": "Ciudad Hidalgo",
  "estado": "MIC"
},
{
  "_id": {
    "$oid": "6594adaad806867401dedbfa"
  },
  "clave": "03",
  "descripcion": "Galeana",
  "estado": "MOR"
},
{
  "_id": {
    "$oid": "6594adaad806867401dedbfb"
  },
  "clave": "03",
  "descripcion": "Tuxpan",
  "estado": "NAY"
},
{
  "_id": {
    "$oid": "6594adaad806867401dedbfc"
  },
  "clave": "03",
  "descripcion": "Ciudad General Escobedo",
  "estado": "NLE"
},
{
  "_id": {
    "$oid": "6594adaad806867401dedbfd"
  },
  "clave": "03",
  "descripcion": "Salina Cruz",
  "estado": "OAX"
},
{
  "_id": {
    "$oid": "6594adaad806867401dedbfe"
  },
  "clave": "03",
  "descripcion": "Puebla (Heroica Puebla)",
  "estado": "PUE"
},
{
  "_id": {
    "$oid": "6594adaad806867401dedbff"
  },
  "clave": "03",
  "descripcion": "Felipe Carrillo Puerto",
  "estado": "ROO"
},
{
  "_id": {
    "$oid": "6594adaad806867401dedc00"
  },
  "clave": "03",
  "descripcion": "Escuinapa de Hidalgo",
  "estado": "SIN"
},
{
  "_id": {
    "$oid": "6594adaad806867401dedc01"
  },
  "clave": "03",
  "descripcion": "Matehuala",
  "estado": "SLP"
},
{
  "_id": {
    "$oid": "6594adaad806867401dedc02"
  },
  "clave": "03",
  "descripcion": "Heroica Caborca",
  "estado": "SON"
},
{
  "_id": {
    "$oid": "6594adaad806867401dedc03"
  },
  "clave": "03",
  "descripcion": "Comalcalco",
  "estado": "TAB"
},
{
  "_id": {
    "$oid": "6594adaad806867401dedc04"
  },
  "clave": "03",
  "descripcion": "Ciudad Madero",
  "estado": "TAM"
},
{
  "_id": {
    "$oid": "6594adaad806867401dedc05"
  },
  "clave": "03",
  "descripcion": "Tlaxcala (Tlaxcala de Xicotencatl)",
  "estado": "TLA"
},
{
  "_id": {
    "$oid": "6594adaad806867401dedc06"
  },
  "clave": "03",
  "descripcion": "Boca del RÍo",
  "estado": "VER"
},
{
  "_id": {
    "$oid": "6594adaad806867401dedc07"
  },
  "clave": "03",
  "descripcion": "Ticul",
  "estado": "YUC"
},
{
  "_id": {
    "$oid": "6594adaad806867401dedc08"
  },
  "clave": "03",
  "descripcion": "Zacatecas",
  "estado": "ZAC"
},
{
  "_id": {
    "$oid": "6594adaad806867401dedc09"
  },
  "clave": "04",
  "descripcion": "Jesús María",
  "estado": "AGU"
},
{
  "_id": {
    "$oid": "6594adaad806867401dedc0a"
  },
  "clave": "04",
  "descripcion": "Tijuana",
  "estado": "BCN"
},
{
  "_id": {
    "$oid": "6594adaad806867401dedc0b"
  },
  "clave": "04",
  "descripcion": "San José del Cabo",
  "estado": "BCS"
},
{
  "_id": {
    "$oid": "6594adaad806867401dedc0c"
  },
  "clave": "04",
  "descripcion": "Candelaria",
  "estado": "CAM"
},
{
  "_id": {
    "$oid": "6594adaad806867401dedc0d"
  },
  "clave": "04",
  "descripcion": "Monclova",
  "estado": "COA"
},
{
  "_id": {
    "$oid": "6594adaad806867401dedc0e"
  },
  "clave": "04",
  "descripcion": "Ciudad de Villa de Álvarez",
  "estado": "COL"
},
{
  "_id": {
    "$oid": "6594adaad806867401dedc0f"
  },
  "clave": "04",
  "descripcion": "Delicias",
  "estado": "CHH"
},
{
  "_id": {
    "$oid": "6594adaad806867401dedc10"
  },
  "clave": "04",
  "descripcion": "Tuxtla Gutiérrez",
  "estado": "CHP"
},
{
  "_id": {
    "$oid": "6594adaad806867401dedc11"
  },
  "clave": "04",
  "descripcion": "Ciudad de México",
  "estado": "CMX"
},
{
  "_id": {
    "$oid": "6594adaad806867401dedc12"
  },
  "clave": "04",
  "descripcion": "Santiago Papasquiaro",
  "estado": "DUR"
},
{
  "_id": {
    "$oid": "6594adaad806867401dedc13"
  },
  "clave": "04",
  "descripcion": "Taxco de Alarcón",
  "estado": "GRO"
},
{
  "_id": {
    "$oid": "6594adaad806867401dedc14"
  },
  "clave": "04",
  "descripcion": "Cortazar",
  "estado": "GUA"
},
{
  "_id": {
    "$oid": "6594adaad806867401dedc15"
  },
  "clave": "04",
  "descripcion": "Cd. de Fray Bernardino de Sahagún",
  "estado": "HID"
},
{
  "_id": {
    "$oid": "6594adaad806867401dedc16"
  },
  "clave": "04",
  "descripcion": "Lagos de Moreno",
  "estado": "JAL"
},
{
  "_id": {
    "$oid": "6594adaad806867401dedc17"
  },
  "clave": "04",
  "descripcion": "Cuautitlán Izcalli",
  "estado": "MEX"
},
{
  "_id": {
    "$oid": "6594adaad806867401dedc18"
  },
  "clave": "04",
  "descripcion": "Jacona de Plancarte",
  "estado": "MIC"
},
{
  "_id": {
    "$oid": "6594adaad806867401dedc19"
  },
  "clave": "04",
  "descripcion": "Jojutla",
  "estado": "MOR"
},
{
  "_id": {
    "$oid": "6594adaad806867401dedc1a"
  },
  "clave": "04",
  "descripcion": "Acaponeta",
  "estado": "NAY"
},
{
  "_id": {
    "$oid": "6594adaad806867401dedc1b"
  },
  "clave": "04",
  "descripcion": "Guadalupe",
  "estado": "NLE"
},
{
  "_id": {
    "$oid": "6594adaad806867401dedc1c"
  },
  "clave": "04",
  "descripcion": "San Juan Bautista Tuxtepec",
  "estado": "OAX"
},
{
  "_id": {
    "$oid": "6594adaad806867401dedc1d"
  },
  "clave": "04",
  "descripcion": "San Martín Texmelucan de Labastida",
  "estado": "PUE"
},
{
  "_id": {
    "$oid": "6594adaad806867401dedc1e"
  },
  "clave": "04",
  "descripcion": "El Pueblito",
  "estado": "QUE"
},
{
  "_id": {
    "$oid": "6594adaad806867401dedc1f"
  },
  "clave": "04",
  "descripcion": "Chetumal",
  "estado": "ROO"
},
{
  "_id": {
    "$oid": "6594adaad806867401dedc20"
  },
  "clave": "04",
  "descripcion": "Guasave",
  "estado": "SIN"
},
{
  "_id": {
    "$oid": "6594adaad806867401dedc21"
  },
  "clave": "04",
  "descripcion": "Rioverde",
  "estado": "SLP"
},
{
  "_id": {
    "$oid": "6594adaad806867401dedc22"
  },
  "clave": "04",
  "descripcion": "Ciudad Obregón",
  "estado": "SON"
},
{
  "_id": {
    "$oid": "6594adaad806867401dedc23"
  },
  "clave": "04",
  "descripcion": "Emiliano Zapata",
  "estado": "TAB"
},
{
  "_id": {
    "$oid": "6594adaad806867401dedc24"
  },
  "clave": "04",
  "descripcion": "Ciudad Mante",
  "estado": "TAM"
},
{
  "_id": {
    "$oid": "6594adaad806867401dedc25"
  },
  "clave": "04",
  "descripcion": "Huamantla",
  "estado": "TLA"
},
{
  "_id": {
    "$oid": "6594adaad806867401dedc26"
  },
  "clave": "04",
  "descripcion": "Coatepec",
  "estado": "VER"
},
{
  "_id": {
    "$oid": "6594adaad806867401dedc27"
  },
  "clave": "04",
  "descripcion": "Motul de Carrillo Puerto",
  "estado": "YUC"
},
{
  "_id": {
    "$oid": "6594adaad806867401dedc28"
  },
  "clave": "04",
  "descripcion": "Guadalupe",
  "estado": "ZAC"
},
{
  "_id": {
    "$oid": "6594adaad806867401dedc29"
  },
  "clave": "05",
  "descripcion": "Pabellón de Arteaga",
  "estado": "AGU"
},
{
  "_id": {
    "$oid": "6594adaad806867401dedc2a"
  },
  "clave": "05",
  "descripcion": "Playas de Rosarito",
  "estado": "BCN"
},
{
  "_id": {
    "$oid": "6594adaad806867401dedc2b"
  },
  "clave": "05",
  "descripcion": "Loreto",
  "estado": "BCS"
},
{
  "_id": {
    "$oid": "6594adaad806867401dedc2c"
  },
  "clave": "05",
  "descripcion": "Escárcega",
  "estado": "CAM"
},
{
  "_id": {
    "$oid": "6594adaad806867401dedc2d"
  },
  "clave": "05",
  "descripcion": "Parras de la Fuente",
  "estado": "COA"
},
{
  "_id": {
    "$oid": "6594adaad806867401dedc2e"
  },
  "clave": "05",
  "descripcion": "Ciudad de Armería",
  "estado": "COL"
},
{
  "_id": {
    "$oid": "6594adaad806867401dedc2f"
  },
  "clave": "05",
  "descripcion": "Hidalgo del Parral",
  "estado": "CHH"
},
{
  "_id": {
    "$oid": "6594adaad806867401dedc30"
  },
  "clave": "05",
  "descripcion": "Venustiano Carranza",
  "estado": "CHP"
},
{
  "_id": {
    "$oid": "6594adaad806867401dedc31"
  },
  "clave": "05",
  "descripcion": "Ciudad de México",
  "estado": "CMX"
},
{
  "_id": {
    "$oid": "6594adaad806867401dedc32"
  },
  "clave": "05",
  "descripcion": "Canatlán",
  "estado": "DUR"
},
{
  "_id": {
    "$oid": "6594adaad806867401dedc33"
  },
  "clave": "05",
  "descripcion": "Arcelia",
  "estado": "GRO"
},
{
  "_id": {
    "$oid": "6594adaad806867401dedc34"
  },
  "clave": "05",
  "descripcion": "Guanajuato",
  "estado": "GUA"
},
{
  "_id": {
    "$oid": "6594adaad806867401dedc35"
  },
  "clave": "05",
  "descripcion": "Tula de Allende",
  "estado": "HID"
},
{
  "_id": {
    "$oid": "6594adaad806867401dedc36"
  },
  "clave": "05",
  "descripcion": "Ocotlán",
  "estado": "JAL"
},
{
  "_id": {
    "$oid": "6594adaad806867401dedc37"
  },
  "clave": "05",
  "descripcion": "Ecatepec de Morelos",
  "estado": "MEX"
},
{
  "_id": {
    "$oid": "6594adaad806867401dedc38"
  },
  "clave": "05",
  "descripcion": "La piedad de Cabadas",
  "estado": "MIC"
},
{
  "_id": {
    "$oid": "6594adaad806867401dedc39"
  },
  "clave": "05",
  "descripcion": "Puente de Ixtla",
  "estado": "MOR"
},
{
  "_id": {
    "$oid": "6594adaad806867401dedc3a"
  },
  "clave": "05",
  "descripcion": "Tecuala",
  "estado": "NAY"
},
{
  "_id": {
    "$oid": "6594adaad806867401dedc3b"
  },
  "clave": "05",
  "descripcion": "Linares",
  "estado": "NLE"
},
{
  "_id": {
    "$oid": "6594adaad806867401dedc3c"
  },
  "clave": "05",
  "descripcion": "Matías Romero Avendaño",
  "estado": "OAX"
},
{
  "_id": {
    "$oid": "6594adaad806867401dedc3d"
  },
  "clave": "05",
  "descripcion": "Tehuacan",
  "estado": "PUE"
},
{
  "_id": {
    "$oid": "6594adaad806867401dedc3e"
  },
  "clave": "05",
  "descripcion": "Playa del Carmen",
  "estado": "ROO"
},
{
  "_id": {
    "$oid": "6594adaad806867401dedc3f"
  },
  "clave": "05",
  "descripcion": "Mazatlán",
  "estado": "SIN"
},
{
  "_id": {
    "$oid": "6594adaad806867401dedc40"
  },
  "clave": "05",
  "descripcion": "San Luis Potosí",
  "estado": "SLP"
},
{
  "_id": {
    "$oid": "6594adaad806867401dedc41"
  },
  "clave": "05",
  "descripcion": "Empalme",
  "estado": "SON"
},
{
  "_id": {
    "$oid": "6594adaad806867401dedc42"
  },
  "clave": "05",
  "descripcion": "Jalpa de Méndez",
  "estado": "TAB"
},
{
  "_id": {
    "$oid": "6594adaad806867401dedc43"
  },
  "clave": "05",
  "descripcion": "Heroica Matamoros",
  "estado": "TAM"
},
{
  "_id": {
    "$oid": "6594adaad806867401dedc44"
  },
  "clave": "05",
  "descripcion": "Calpulalpan",
  "estado": "TLA"
},
{
  "_id": {
    "$oid": "6594adaad806867401dedc45"
  },
  "clave": "05",
  "descripcion": "Agua dulce",
  "estado": "VER"
},
{
  "_id": {
    "$oid": "6594adaad806867401dedc46"
  },
  "clave": "05",
  "descripcion": "Valladolid",
  "estado": "YUC"
},
{
  "_id": {
    "$oid": "6594adaad806867401dedc47"
  },
  "clave": "05",
  "descripcion": "Río Grande",
  "estado": "ZAC"
},
{
  "_id": {
    "$oid": "6594adaad806867401dedc48"
  },
  "clave": "06",
  "descripcion": "Rincón de Romos",
  "estado": "AGU"
},
{
  "_id": {
    "$oid": "6594adaad806867401dedc49"
  },
  "clave": "06",
  "descripcion": "Rodolfo Sánchez T. (Maneadero)",
  "estado": "BCN"
},
{
  "_id": {
    "$oid": "6594adaad806867401dedc4a"
  },
  "clave": "06",
  "descripcion": "Puerto Adolfo López Mateos",
  "estado": "BCS"
},
{
  "_id": {
    "$oid": "6594adaad806867401dedc4b"
  },
  "clave": "06",
  "descripcion": "Sabancuy",
  "estado": "CAM"
},
{
  "_id": {
    "$oid": "6594adaad806867401dedc4c"
  },
  "clave": "06",
  "descripcion": "Piedras Negras",
  "estado": "COA"
},
{
  "_id": {
    "$oid": "6594adaad806867401dedc4d"
  },
  "clave": "06",
  "descripcion": "Juárez",
  "estado": "CHH"
},
{
  "_id": {
    "$oid": "6594adaad806867401dedc4e"
  },
  "clave": "06",
  "descripcion": "Jiquipilas",
  "estado": "CHP"
},
{
  "_id": {
    "$oid": "6594adaad806867401dedc4f"
  },
  "clave": "06",
  "descripcion": "Ciudad de México",
  "estado": "CMX"
},
{
  "_id": {
    "$oid": "6594adaad806867401dedc50"
  },
  "clave": "06",
  "descripcion": "San Juan del Río del Centauro del Norte",
  "estado": "DUR"
},
{
  "_id": {
    "$oid": "6594adaad806867401dedc51"
  },
  "clave": "06",
  "descripcion": "Ayutla de los Libres",
  "estado": "GRO"
},
{
  "_id": {
    "$oid": "6594adaad806867401dedc52"
  },
  "clave": "06",
  "descripcion": "Irapuato",
  "estado": "GUA"
},
{
  "_id": {
    "$oid": "6594adaad806867401dedc53"
  },
  "clave": "06",
  "descripcion": "Tulancingo",
  "estado": "HID"
},
{
  "_id": {
    "$oid": "6594adaad806867401dedc54"
  },
  "clave": "06",
  "descripcion": "Puerto Vallarta",
  "estado": "JAL"
},
{
  "_id": {
    "$oid": "6594adaad806867401dedc55"
  },
  "clave": "06",
  "descripcion": "Huixquilucan de Degollado",
  "estado": "MEX"
},
{
  "_id": {
    "$oid": "6594adaad806867401dedc56"
  },
  "clave": "06",
  "descripcion": "Morelia",
  "estado": "MIC"
},
{
  "_id": {
    "$oid": "6594adaad806867401dedc57"
  },
  "clave": "06",
  "descripcion": "Santa Rosa Treinta",
  "estado": "MOR"
},
{
  "_id": {
    "$oid": "6594adaad806867401dedc58"
  },
  "clave": "06",
  "descripcion": "Compostela",
  "estado": "NAY"
},
{
  "_id": {
    "$oid": "6594adaad806867401dedc59"
  },
  "clave": "06",
  "descripcion": "Montemorelos",
  "estado": "NLE"
},
{
  "_id": {
    "$oid": "6594adaad806867401dedc5a"
  },
  "clave": "06",
  "descripcion": "Heroica Ciudad de Huajuapan de León",
  "estado": "OAX"
},
{
  "_id": {
    "$oid": "6594adaad806867401dedc5b"
  },
  "clave": "06",
  "descripcion": "Teziutlan",
  "estado": "PUE"
},
{
  "_id": {
    "$oid": "6594adaad806867401dedc5c"
  },
  "clave": "06",
  "descripcion": "Kantunilkin",
  "estado": "ROO"
},
{
  "_id": {
    "$oid": "6594adaad806867401dedc5d"
  },
  "clave": "06",
  "descripcion": "Guamúchil",
  "estado": "SIN"
},
{
  "_id": {
    "$oid": "6594adaad806867401dedc5e"
  },
  "clave": "06",
  "descripcion": "Soledad de Graciano Sánchez",
  "estado": "SLP"
},
{
  "_id": {
    "$oid": "6594adaad806867401dedc5f"
  },
  "clave": "06",
  "descripcion": "Heroica Guaymas",
  "estado": "SON"
},
{
  "_id": {
    "$oid": "6594adaad806867401dedc60"
  },
  "clave": "06",
  "descripcion": "Nuevo Laredo",
  "estado": "TAM"
},
{
  "_id": {
    "$oid": "6594adaad806867401dedc61"
  },
  "clave": "06",
  "descripcion": "Chiautempan",
  "estado": "TLA"
},
{
  "_id": {
    "$oid": "6594adaad806867401dedc62"
  },
  "clave": "06",
  "descripcion": "Coatzacoalcos",
  "estado": "VER"
},
{
  "_id": {
    "$oid": "6594adaad806867401dedc63"
  },
  "clave": "06",
  "descripcion": "Kanasín",
  "estado": "YUC"
},
{
  "_id": {
    "$oid": "6594adaad806867401dedc64"
  },
  "clave": "06",
  "descripcion": "Ciudad Cuauhtémoc",
  "estado": "ZAC"
},
{
  "_id": {
    "$oid": "6594adaad806867401dedc65"
  },
  "clave": "07",
  "descripcion": "Asientos",
  "estado": "AGU"
},
{
  "_id": {
    "$oid": "6594adaad806867401dedc66"
  },
  "clave": "07",
  "descripcion": "San Felipe",
  "estado": "BCN"
},
{
  "_id": {
    "$oid": "6594adaad806867401dedc67"
  },
  "clave": "07",
  "descripcion": "Todos Santos",
  "estado": "BCS"
},
{
  "_id": {
    "$oid": "6594adaad806867401dedc68"
  },
  "clave": "07",
  "descripcion": "Hopelchén",
  "estado": "CAM"
},
{
  "_id": {
    "$oid": "6594adaad806867401dedc69"
  },
  "clave": "07",
  "descripcion": "Sabinas",
  "estado": "COA"
},
{
  "_id": {
    "$oid": "6594adaad806867401dedc6a"
  },
  "clave": "07",
  "descripcion": "Nuevo Casas Grandes",
  "estado": "CHH"
},
{
  "_id": {
    "$oid": "6594adaad806867401dedc6b"
  },
  "clave": "07",
  "descripcion": "Villaflores",
  "estado": "CHP"
},
{
  "_id": {
    "$oid": "6594adaad806867401dedc6c"
  },
  "clave": "07",
  "descripcion": "Ciudad de México",
  "estado": "CMX"
},
{
  "_id": {
    "$oid": "6594adaad806867401dedc6d"
  },
  "clave": "07",
  "descripcion": "Peñón Blanco",
  "estado": "DUR"
},
{
  "_id": {
    "$oid": "6594adaad806867401dedc6e"
  },
  "clave": "07",
  "descripcion": "Atoyac de Álvarez",
  "estado": "GRO"
},
{
  "_id": {
    "$oid": "6594adaad806867401dedc6f"
  },
  "clave": "07",
  "descripcion": "León de los Aldama",
  "estado": "GUA"
},
{
  "_id": {
    "$oid": "6594adaad806867401dedc70"
  },
  "clave": "07",
  "descripcion": "Zimapan",
  "estado": "HID"
},
{
  "_id": {
    "$oid": "6594adaad806867401dedc71"
  },
  "clave": "07",
  "descripcion": "San Juan de los Lagos",
  "estado": "JAL"
},
{
  "_id": {
    "$oid": "6594adaad806867401dedc72"
  },
  "clave": "07",
  "descripcion": "Los Reyes Acaquilpan (La Paz)",
  "estado": "MEX"
},
{
  "_id": {
    "$oid": "6594adaad806867401dedc73"
  },
  "clave": "07",
  "descripcion": "Pátzcuaro",
  "estado": "MIC"
},
{
  "_id": {
    "$oid": "6594adaad806867401dedc74"
  },
  "clave": "07",
  "descripcion": "Zacatepec de Hidalgo",
  "estado": "MOR"
},
{
  "_id": {
    "$oid": "6594adaad806867401dedc75"
  },
  "clave": "07",
  "descripcion": "Francisco I. Madero (Puga)",
  "estado": "NAY"
},
{
  "_id": {
    "$oid": "6594adaad806867401dedc76"
  },
  "clave": "07",
  "descripcion": "Monterrey",
  "estado": "NLE"
},
{
  "_id": {
    "$oid": "6594adaad806867401dedc77"
  },
  "clave": "07",
  "descripcion": "Loma Bonita",
  "estado": "OAX"
},
{
  "_id": {
    "$oid": "6594adaad806867401dedc78"
  },
  "clave": "07",
  "descripcion": "San Andrés Cholula",
  "estado": "PUE"
},
{
  "_id": {
    "$oid": "6594adaad806867401dedc79"
  },
  "clave": "07",
  "descripcion": "Isla Mujeres",
  "estado": "ROO"
},
{
  "_id": {
    "$oid": "6594adaad806867401dedc7a"
  },
  "clave": "07",
  "descripcion": "Navolato",
  "estado": "SIN"
},
{
  "_id": {
    "$oid": "6594adaad806867401dedc7b"
  },
  "clave": "07",
  "descripcion": "Charcas",
  "estado": "SLP"
},
{
  "_id": {
    "$oid": "6594adaad806867401dedc7c"
  },
  "clave": "07",
  "descripcion": "Hermosillo",
  "estado": "SON"
},
{
  "_id": {
    "$oid": "6594adaad806867401dedc7d"
  },
  "clave": "07",
  "descripcion": "Macuspana",
  "estado": "TAB"
},
{
  "_id": {
    "$oid": "6594adaad806867401dedc7e"
  },
  "clave": "07",
  "descripcion": "Reynosa",
  "estado": "TAM"
},
{
  "_id": {
    "$oid": "6594adaad806867401dedc7f"
  },
  "clave": "07",
  "descripcion": "Córdoba",
  "estado": "VER"
},
{
  "_id": {
    "$oid": "6594adaad806867401dedc80"
  },
  "clave": "07",
  "descripcion": "Ojocaliente",
  "estado": "ZAC"
},
{
  "_id": {
    "$oid": "6594adaad806867401dedc81"
  },
  "clave": "08",
  "descripcion": "Tepezalá",
  "estado": "AGU"
},
{
  "_id": {
    "$oid": "6594adaad806867401dedc82"
  },
  "clave": "08",
  "descripcion": "Heroica Mulegé",
  "estado": "BCS"
},
{
  "_id": {
    "$oid": "6594adaad806867401dedc83"
  },
  "clave": "08",
  "descripcion": "Champotón",
  "estado": "CAM"
},
{
  "_id": {
    "$oid": "6594adaad806867401dedc84"
  },
  "clave": "08",
  "descripcion": "Saltillo",
  "estado": "COA"
},
{
  "_id": {
    "$oid": "6594adaad806867401dedc85"
  },
  "clave": "08",
  "descripcion": "Las Margaritas",
  "estado": "CHP"
},
{
  "_id": {
    "$oid": "6594adaad806867401dedc86"
  },
  "clave": "08",
  "descripcion": "Ciudad de México",
  "estado": "CMX"
},
{
  "_id": {
    "$oid": "6594adaad806867401dedc87"
  },
  "clave": "08",
  "descripcion": "Francisco I. Madero",
  "estado": "DUR"
},
{
  "_id": {
    "$oid": "6594adaad806867401dedc88"
  },
  "clave": "08",
  "descripcion": "Moroleón",
  "estado": "GUA"
},
{
  "_id": {
    "$oid": "6594adaad806867401dedc89"
  },
  "clave": "08",
  "descripcion": "Huejutla de Reyes",
  "estado": "HID"
},
{
  "_id": {
    "$oid": "6594adaad806867401dedc8a"
  },
  "clave": "08",
  "descripcion": "Tepatitlán de Morelos",
  "estado": "JAL"
},
{
  "_id": {
    "$oid": "6594adaad806867401dedc8b"
  },
  "clave": "08",
  "descripcion": "Metepec",
  "estado": "MEX"
},
{
  "_id": {
    "$oid": "6594adaad806867401dedc8c"
  },
  "clave": "08",
  "descripcion": "Sahuayo de Morelos",
  "estado": "MIC"
},
{
  "_id": {
    "$oid": "6594adaad806867401dedc8d"
  },
  "clave": "08",
  "descripcion": "Tlaquiltenango",
  "estado": "MOR"
},
{
  "_id": {
    "$oid": "6594adaad806867401dedc8e"
  },
  "clave": "08",
  "descripcion": "Villa Hidalgo (El Nuevo)",
  "estado": "NAY"
},
{
  "_id": {
    "$oid": "6594adaad806867401dedc8f"
  },
  "clave": "08",
  "descripcion": "Ciudad Sabinas Hidalgo",
  "estado": "NLE"
},
{
  "_id": {
    "$oid": "6594adaad806867401dedc90"
  },
  "clave": "08",
  "descripcion": "Puerto Escondido",
  "estado": "OAX"
},
{
  "_id": {
    "$oid": "6594adaad806867401dedc91"
  },
  "clave": "08",
  "descripcion": "San Pedro Cholula",
  "estado": "PUE"
},
{
  "_id": {
    "$oid": "6594adaad806867401dedc92"
  },
  "clave": "08",
  "descripcion": "Bacalar",
  "estado": "ROO"
},
{
  "_id": {
    "$oid": "6594adaad806867401dedc93"
  },
  "clave": "08",
  "descripcion": "Quila",
  "estado": "SIN"
},
{
  "_id": {
    "$oid": "6594adaad806867401dedc94"
  },
  "clave": "08",
  "descripcion": "Salinas de Hidalgo",
  "estado": "SLP"
},
{
  "_id": {
    "$oid": "6594adaad806867401dedc95"
  },
  "clave": "08",
  "descripcion": "Huatabampo",
  "estado": "SON"
},
{
  "_id": {
    "$oid": "6594adaad806867401dedc96"
  },
  "clave": "08",
  "descripcion": "Tenosique de Pino Suárez",
  "estado": "TAB"
},
{
  "_id": {
    "$oid": "6594adaad806867401dedc97"
  },
  "clave": "08",
  "descripcion": "Ciudad Río Bravo",
  "estado": "TAM"
},
{
  "_id": {
    "$oid": "6594adaad806867401dedc98"
  },
  "clave": "08",
  "descripcion": "Tres Valles",
  "estado": "VER"
},
{
  "_id": {
    "$oid": "6594adaad806867401dedc99"
  },
  "clave": "08",
  "descripcion": "Villa Hidalgo",
  "estado": "ZAC"
},
{
  "_id": {
    "$oid": "6594adaad806867401dedc9a"
  },
  "clave": "09",
  "descripcion": "Cosío",
  "estado": "AGU"
},
{
  "_id": {
    "$oid": "6594adaad806867401dedc9b"
  },
  "clave": "09",
  "descripcion": "Villa Alberto Andrés Alvarado Arámburo",
  "estado": "BCS"
},
{
  "_id": {
    "$oid": "6594adaad806867401dedc9c"
  },
  "clave": "09",
  "descripcion": "Hecelchakán",
  "estado": "CAM"
},
{
  "_id": {
    "$oid": "6594adaad806867401dedc9d"
  },
  "clave": "09",
  "descripcion": "Nueva Rosita",
  "estado": "COA"
},
{
  "_id": {
    "$oid": "6594adaad806867401dedc9e"
  },
  "clave": "09",
  "descripcion": "Madera",
  "estado": "CHH"
},
{
  "_id": {
    "$oid": "6594adaad806867401dedc9f"
  },
  "clave": "09",
  "descripcion": "Arriaga",
  "estado": "CHP"
},
{
  "_id": {
    "$oid": "6594adaad806867401dedca0"
  },
  "clave": "09",
  "descripcion": "Ciudad de México",
  "estado": "CMX"
},
{
  "_id": {
    "$oid": "6594adaad806867401dedca1"
  },
  "clave": "09",
  "descripcion": "Nombre de Dios",
  "estado": "DUR"
},
{
  "_id": {
    "$oid": "6594adaad806867401dedca2"
  },
  "clave": "09",
  "descripcion": "San Jerónimo de Juárez",
  "estado": "GRO"
},
{
  "_id": {
    "$oid": "6594adaad806867401dedca3"
  },
  "clave": "09",
  "descripcion": "Salamanca",
  "estado": "GUA"
},
{
  "_id": {
    "$oid": "6594adaad806867401dedca4"
  },
  "clave": "09",
  "descripcion": "Tlaxcoapan",
  "estado": "HID"
},
{
  "_id": {
    "$oid": "6594adaad806867401dedca5"
  },
  "clave": "09",
  "descripcion": "Tlaquepaque",
  "estado": "JAL"
},
{
  "_id": {
    "$oid": "6594adaad806867401dedca6"
  },
  "clave": "09",
  "descripcion": "Naucalpan de Juárez",
  "estado": "MEX"
},
{
  "_id": {
    "$oid": "6594adaad806867401dedca7"
  },
  "clave": "09",
  "descripcion": "Uruapan",
  "estado": "MIC"
},
{
  "_id": {
    "$oid": "6594adaad806867401dedca8"
  },
  "clave": "09",
  "descripcion": "Ruiz",
  "estado": "NAY"
},
{
  "_id": {
    "$oid": "6594adaad806867401dedca9"
  },
  "clave": "09",
  "descripcion": "San Nicolás de los Garza",
  "estado": "NLE"
},
{
  "_id": {
    "$oid": "6594adaad806867401dedcaa"
  },
  "clave": "09",
  "descripcion": "Río Grande o Piedra Parada",
  "estado": "OAX"
},
{
  "_id": {
    "$oid": "6594adaad806867401dedcab"
  },
  "clave": "09",
  "descripcion": "Huauchinango",
  "estado": "PUE"
},
{
  "_id": {
    "$oid": "6594adaad806867401dedcac"
  },
  "clave": "09",
  "descripcion": "Ahome",
  "estado": "SIN"
},
{
  "_id": {
    "$oid": "6594adaad806867401dedcad"
  },
  "clave": "09",
  "descripcion": "Cárdenas",
  "estado": "SLP"
},
{
  "_id": {
    "$oid": "6594adaad806867401dedcae"
  },
  "clave": "09",
  "descripcion": "Navojoa",
  "estado": "SON"
},
{
  "_id": {
    "$oid": "6594adaad806867401dedcaf"
  },
  "clave": "09",
  "descripcion": "Teapa",
  "estado": "TAB"
},
{
  "_id": {
    "$oid": "6594adaad806867401dedcb0"
  },
  "clave": "09",
  "descripcion": "San Fernando",
  "estado": "TAM"
},
{
  "_id": {
    "$oid": "6594adaad806867401dedcb1"
  },
  "clave": "09",
  "descripcion": "Jáltipan de Morelos",
  "estado": "VER"
},
{
  "_id": {
    "$oid": "6594adaad806867401dedcb2"
  },
  "clave": "09",
  "descripcion": "Villanueva",
  "estado": "ZAC"
},
{
  "_id": {
    "$oid": "6594adaad806867401dedcb3"
  },
  "clave": "10",
  "descripcion": "San Ignacio",
  "estado": "BCS"
},
{
  "_id": {
    "$oid": "6594adaad806867401dedcb4"
  },
  "clave": "10",
  "descripcion": "San Pedro",
  "estado": "COA"
},
{
  "_id": {
    "$oid": "6594adaad806867401dedcb5"
  },
  "clave": "10",
  "descripcion": "Colonia Anáhuac",
  "estado": "CHH"
},
{
  "_id": {
    "$oid": "6594adaad806867401dedcb6"
  },
  "clave": "10",
  "descripcion": "Palenque",
  "estado": "CHP"
},
{
  "_id": {
    "$oid": "6594adaad806867401dedcb7"
  },
  "clave": "10",
  "descripcion": "Ciudad de México",
  "estado": "CMX"
},
{
  "_id": {
    "$oid": "6594adaad806867401dedcb8"
  },
  "clave": "10",
  "descripcion": "Vicente Guerrero",
  "estado": "DUR"
},
{
  "_id": {
    "$oid": "6594adaad806867401dedcb9"
  },
  "clave": "10",
  "descripcion": "Ciudad Apaxtla de Castrejón",
  "estado": "GRO"
},
{
  "_id": {
    "$oid": "6594adaad806867401dedcba"
  },
  "clave": "10",
  "descripcion": "San Francisco del Rincón",
  "estado": "GUA"
},
{
  "_id": {
    "$oid": "6594adaad806867401dedcbb"
  },
  "clave": "10",
  "descripcion": "Tizayuca",
  "estado": "HID"
},
{
  "_id": {
    "$oid": "6594adaad806867401dedcbc"
  },
  "clave": "10",
  "descripcion": "Zapopan",
  "estado": "JAL"
},
{
  "_id": {
    "$oid": "6594adaad806867401dedcbd"
  },
  "clave": "10",
  "descripcion": "Ciudad Nezahualcoyotl",
  "estado": "MEX"
},
{
  "_id": {
    "$oid": "6594adaad806867401dedcbe"
  },
  "clave": "10",
  "descripcion": "Zacapu",
  "estado": "MIC"
},
{
  "_id": {
    "$oid": "6594adaad806867401dedcbf"
  },
  "clave": "10",
  "descripcion": "San Blas",
  "estado": "NAY"
},
{
  "_id": {
    "$oid": "6594adaad806867401dedcc0"
  },
  "clave": "10",
  "descripcion": "Ciudad Santa Catarina",
  "estado": "NLE"
},
{
  "_id": {
    "$oid": "6594adaad806867401dedcc1"
  },
  "clave": "10",
  "descripcion": "Acatlán de Osorio",
  "estado": "PUE"
},
{
  "_id": {
    "$oid": "6594adaad806867401dedcc2"
  },
  "clave": "10",
  "descripcion": "Higuera de Zaragoza",
  "estado": "SIN"
},
{
  "_id": {
    "$oid": "6594adaad806867401dedcc3"
  },
  "clave": "10",
  "descripcion": "Cerritos",
  "estado": "SLP"
},
{
  "_id": {
    "$oid": "6594adaad806867401dedcc4"
  },
  "clave": "10",
  "descripcion": "Heroica Nogales",
  "estado": "SON"
},
{
  "_id": {
    "$oid": "6594adaad806867401dedcc5"
  },
  "clave": "10",
  "descripcion": "Paraíso",
  "estado": "TAB"
},
{
  "_id": {
    "$oid": "6594adaad806867401dedcc6"
  },
  "clave": "10",
  "descripcion": "Tampico",
  "estado": "TAM"
},
{
  "_id": {
    "$oid": "6594adaad806867401dedcc7"
  },
  "clave": "10",
  "descripcion": "Xalapa-Enríquez",
  "estado": "VER"
},
{
  "_id": {
    "$oid": "6594adaad806867401dedcc8"
  },
  "clave": "10",
  "descripcion": "Villa de Cos",
  "estado": "ZAC"
},
{
  "_id": {
    "$oid": "6594adaad806867401dedcc9"
  },
  "clave": "11",
  "descripcion": "Guerrero Negro",
  "estado": "BCS"
},
{
  "_id": {
    "$oid": "6594adaad806867401dedcca"
  },
  "clave": "11",
  "descripcion": "Pomuch",
  "estado": "CAM"
},
{
  "_id": {
    "$oid": "6594adaad806867401dedccb"
  },
  "clave": "11",
  "descripcion": "Torreón",
  "estado": "COA"
},
{
  "_id": {
    "$oid": "6594adaad806867401dedccc"
  },
  "clave": "11",
  "descripcion": "Juan Aldama",
  "estado": "CHH"
},
{
  "_id": {
    "$oid": "6594adaad806867401dedccd"
  },
  "clave": "11",
  "descripcion": "Ocosingo",
  "estado": "CHP"
},
{
  "_id": {
    "$oid": "6594adaad806867401dedcce"
  },
  "clave": "11",
  "descripcion": "Ciudad de México",
  "estado": "CMX"
},
{
  "_id": {
    "$oid": "6594adaad806867401dedccf"
  },
  "clave": "11",
  "descripcion": "El Salto",
  "estado": "DUR"
},
{
  "_id": {
    "$oid": "6594adaad806867401dedcd0"
  },
  "clave": "11",
  "descripcion": "Ciudad Altamirano",
  "estado": "GRO"
},
{
  "_id": {
    "$oid": "6594adaad806867401dedcd1"
  },
  "clave": "11",
  "descripcion": "Silao",
  "estado": "GUA"
},
{
  "_id": {
    "$oid": "6594adaad806867401dedcd2"
  },
  "clave": "11",
  "descripcion": "Santiago Tulantepec",
  "estado": "HID"
},
{
  "_id": {
    "$oid": "6594adaad806867401dedcd3"
  },
  "clave": "11",
  "descripcion": "Tlajomulco de Zúñiga",
  "estado": "JAL"
},
{
  "_id": {
    "$oid": "6594adaad806867401dedcd4"
  },
  "clave": "11",
  "descripcion": "Villa Nicolás Romero",
  "estado": "MEX"
},
{
  "_id": {
    "$oid": "6594adaad806867401dedcd5"
  },
  "clave": "11",
  "descripcion": "Zamora de Hidalgo",
  "estado": "MIC"
},
{
  "_id": {
    "$oid": "6594adaad806867401dedcd6"
  },
  "clave": "11",
  "descripcion": "Ixtlán del Río",
  "estado": "NAY"
},
{
  "_id": {
    "$oid": "6594adaad806867401dedcd7"
  },
  "clave": "11",
  "descripcion": "Doctor Arroyo",
  "estado": "NLE"
},
{
  "_id": {
    "$oid": "6594adaad806867401dedcd8"
  },
  "clave": "11",
  "descripcion": "Santiago Suchilquitongo",
  "estado": "OAX"
},
{
  "_id": {
    "$oid": "6594adaad806867401dedcd9"
  },
  "clave": "11",
  "descripcion": "Cuautlancingo",
  "estado": "PUE"
},
{
  "_id": {
    "$oid": "6594adaad806867401dedcda"
  },
  "clave": "11",
  "descripcion": "Choix",
  "estado": "SIN"
},
{
  "_id": {
    "$oid": "6594adaad806867401dedcdb"
  },
  "clave": "11",
  "descripcion": "Tamuín",
  "estado": "SLP"
},
{
  "_id": {
    "$oid": "6594adaad806867401dedcdc"
  },
  "clave": "11",
  "descripcion": "Puerto Peñasco",
  "estado": "SON"
},
{
  "_id": {
    "$oid": "6594adaad806867401dedcdd"
  },
  "clave": "11",
  "descripcion": "Frontera",
  "estado": "TAB"
},
{
  "_id": {
    "$oid": "6594adaad806867401dedcde"
  },
  "clave": "11",
  "descripcion": "Ciudad Victoria",
  "estado": "TAM"
},
{
  "_id": {
    "$oid": "6594adaad806867401dedcdf"
  },
  "clave": "11",
  "descripcion": "Minatitlán",
  "estado": "VER"
},
{
  "_id": {
    "$oid": "6594adaad806867401dedce0"
  },
  "clave": "11",
  "descripcion": "Nochistlán de Mejía",
  "estado": "ZAC"
},
{
  "_id": {
    "$oid": "6594adaad806867401dedce1"
  },
  "clave": "12",
  "descripcion": "Santa Rosalía",
  "estado": "BCS"
},
{
  "_id": {
    "$oid": "6594adaad806867401dedce2"
  },
  "clave": "12",
  "descripcion": "Castaños",
  "estado": "COA"
},
{
  "_id": {
    "$oid": "6594adaad806867401dedce3"
  },
  "clave": "12",
  "descripcion": "José Mariano Jiménez",
  "estado": "CHH"
},
{
  "_id": {
    "$oid": "6594adaad806867401dedce4"
  },
  "clave": "12",
  "descripcion": "Tonalá",
  "estado": "CHP"
},
{
  "_id": {
    "$oid": "6594adaad806867401dedce5"
  },
  "clave": "12",
  "descripcion": "Ciudad de México",
  "estado": "CMX"
},
{
  "_id": {
    "$oid": "6594adaad806867401dedce6"
  },
  "clave": "12",
  "descripcion": "Santa María del Oro",
  "estado": "DUR"
},
{
  "_id": {
    "$oid": "6594adaad806867401dedce7"
  },
  "clave": "12",
  "descripcion": "Buenavista de Cuellar",
  "estado": "GRO"
},
{
  "_id": {
    "$oid": "6594adaad806867401dedce8"
  },
  "clave": "12",
  "descripcion": "Jerécuaro",
  "estado": "GUA"
},
{
  "_id": {
    "$oid": "6594adaad806867401dedce9"
  },
  "clave": "12",
  "descripcion": "Ixmiquilpan",
  "estado": "HID"
},
{
  "_id": {
    "$oid": "6594adaad806867401dedcea"
  },
  "clave": "12",
  "descripcion": "Tonalá",
  "estado": "JAL"
},
{
  "_id": {
    "$oid": "6594adaad806867401dedceb"
  },
  "clave": "12",
  "descripcion": "Tecamac de Felipe Villanueva",
  "estado": "MEX"
},
{
  "_id": {
    "$oid": "6594adaad806867401dedcec"
  },
  "clave": "12",
  "descripcion": "Heroica Zitácuaro",
  "estado": "MIC"
},
{
  "_id": {
    "$oid": "6594adaad806867401dedced"
  },
  "clave": "12",
  "descripcion": "Bucerías",
  "estado": "NAY"
},
{
  "_id": {
    "$oid": "6594adaad806867401dedcee"
  },
  "clave": "12",
  "descripcion": "Ciénega de Flores",
  "estado": "NLE"
},
{
  "_id": {
    "$oid": "6594adaad806867401dedcef"
  },
  "clave": "12",
  "descripcion": "San Felipe Jalapa de Díaz",
  "estado": "OAX"
},
{
  "_id": {
    "$oid": "6594adaad806867401dedcf0"
  },
  "clave": "12",
  "descripcion": "Tepeaca",
  "estado": "PUE"
},
{
  "_id": {
    "$oid": "6594adaad806867401dedcf1"
  },
  "clave": "12",
  "descripcion": "Villa Unión",
  "estado": "SIN"
},
{
  "_id": {
    "$oid": "6594adaad806867401dedcf2"
  },
  "clave": "12",
  "descripcion": "Tamasopo",
  "estado": "SLP"
},
{
  "_id": {
    "$oid": "6594adaad806867401dedcf3"
  },
  "clave": "12",
  "descripcion": "Heroica Ciudad de Cananea",
  "estado": "SON"
},
{
  "_id": {
    "$oid": "6594adaad806867401dedcf4"
  },
  "clave": "12",
  "descripcion": "Cunduacán",
  "estado": "TAB"
},
{
  "_id": {
    "$oid": "6594adaad806867401dedcf5"
  },
  "clave": "12",
  "descripcion": "González",
  "estado": "TAM"
},
{
  "_id": {
    "$oid": "6594adaad806867401dedcf6"
  },
  "clave": "12",
  "descripcion": "Orizaba",
  "estado": "VER"
},
{
  "_id": {
    "$oid": "6594adaad806867401dedcf7"
  },
  "clave": "12",
  "descripcion": "Víctor Rosales",
  "estado": "ZAC"
},
{
  "_id": {
    "$oid": "6594adaad806867401dedcf8"
  },
  "clave": "13",
  "descripcion": "Francisco I. Madero (Chávez)",
  "estado": "COA"
},
{
  "_id": {
    "$oid": "6594adaad806867401dedcf9"
  },
  "clave": "13",
  "descripcion": "Manuel Ojinaga",
  "estado": "CHH"
},
{
  "_id": {
    "$oid": "6594adaad806867401dedcfa"
  },
  "clave": "13",
  "descripcion": "Mapastepec",
  "estado": "CHP"
},
{
  "_id": {
    "$oid": "6594adaad806867401dedcfb"
  },
  "clave": "13",
  "descripcion": "Ciudad de México",
  "estado": "CMX"
},
{
  "_id": {
    "$oid": "6594adaad806867401dedcfc"
  },
  "clave": "13",
  "descripcion": "Cutzamala de Pinzón",
  "estado": "GRO"
},
{
  "_id": {
    "$oid": "6594adaad806867401dedcfd"
  },
  "clave": "13",
  "descripcion": "Santiago Maravatío",
  "estado": "GUA"
},
{
  "_id": {
    "$oid": "6594adaad806867401dedcfe"
  },
  "clave": "13",
  "descripcion": "Tepeji del Rio",
  "estado": "HID"
},
{
  "_id": {
    "$oid": "6594adaad806867401dedcff"
  },
  "clave": "13",
  "descripcion": "Tuxpan",
  "estado": "JAL"
},
{
  "_id": {
    "$oid": "6594adaad806867401dedd00"
  },
  "clave": "13",
  "descripcion": "Tepotzotlán",
  "estado": "MEX"
},
{
  "_id": {
    "$oid": "6594adaad806867401dedd01"
  },
  "clave": "13",
  "descripcion": "Paracho de Verduzco",
  "estado": "MIC"
},
{
  "_id": {
    "$oid": "6594adaad806867401dedd02"
  },
  "clave": "13",
  "descripcion": "Las Varas",
  "estado": "NAY"
},
{
  "_id": {
    "$oid": "6594adaad806867401dedd03"
  },
  "clave": "13",
  "descripcion": "Hualahuises",
  "estado": "NLE"
},
{
  "_id": {
    "$oid": "6594adaad806867401dedd04"
  },
  "clave": "13",
  "descripcion": "Bahias de Huatulco",
  "estado": "OAX"
},
{
  "_id": {
    "$oid": "6594adaad806867401dedd05"
  },
  "clave": "13",
  "descripcion": "Tecamachalco",
  "estado": "PUE"
},
{
  "_id": {
    "$oid": "6594adaad806867401dedd06"
  },
  "clave": "13",
  "descripcion": "Sinaloa de Leyva",
  "estado": "SIN"
},
{
  "_id": {
    "$oid": "6594adaad806867401dedd07"
  },
  "clave": "13",
  "descripcion": "Ciudad del Maíz",
  "estado": "SLP"
},
{
  "_id": {
    "$oid": "6594adaad806867401dedd08"
  },
  "clave": "13",
  "descripcion": "Sonoita",
  "estado": "SON"
},
{
  "_id": {
    "$oid": "6594adaad806867401dedd09"
  },
  "clave": "13",
  "descripcion": "Huimanguillo",
  "estado": "TAB"
},
{
  "_id": {
    "$oid": "6594adaad806867401dedd0a"
  },
  "clave": "13",
  "descripcion": "Jaumave",
  "estado": "TAM"
},
{
  "_id": {
    "$oid": "6594adaad806867401dedd0b"
  },
  "clave": "13",
  "descripcion": "Papantla de Olarte",
  "estado": "VER"
},
{
  "_id": {
    "$oid": "6594adaad806867401dedd0c"
  },
  "clave": "13",
  "descripcion": "Valparaíso",
  "estado": "ZAC"
},
{
  "_id": {
    "$oid": "6594adaad806867401dedd0d"
  },
  "clave": "14",
  "descripcion": "Cuatro Ciénegas de Carranza",
  "estado": "COA"
},
{
  "_id": {
    "$oid": "6594adaad806867401dedd0e"
  },
  "clave": "14",
  "descripcion": "Bachíniva",
  "estado": "CHH"
},
{
  "_id": {
    "$oid": "6594adaad806867401dedd0f"
  },
  "clave": "14",
  "descripcion": "Las Rosas",
  "estado": "CHP"
},
{
  "_id": {
    "$oid": "6594adaad806867401dedd10"
  },
  "clave": "14",
  "descripcion": "Ciudad de México",
  "estado": "CMX"
},
{
  "_id": {
    "$oid": "6594adaad806867401dedd11"
  },
  "clave": "14",
  "descripcion": "Coyuca de Catalán",
  "estado": "GRO"
},
{
  "_id": {
    "$oid": "6594adaad806867401dedd12"
  },
  "clave": "14",
  "descripcion": "Romita",
  "estado": "GUA"
},
{
  "_id": {
    "$oid": "6594adaad806867401dedd13"
  },
  "clave": "14",
  "descripcion": "Cruz Azul",
  "estado": "HID"
},
{
  "_id": {
    "$oid": "6594adaad806867401dedd14"
  },
  "clave": "14",
  "descripcion": "Tototlán",
  "estado": "JAL"
},
{
  "_id": {
    "$oid": "6594adaad806867401dedd15"
  },
  "clave": "14",
  "descripcion": "Tlalnepantla de Baz",
  "estado": "MEX"
},
{
  "_id": {
    "$oid": "6594adaad806867401dedd16"
  },
  "clave": "14",
  "descripcion": "Tangancícuaro de Arista",
  "estado": "MIC"
},
{
  "_id": {
    "$oid": "6594adaad806867401dedd17"
  },
  "clave": "14",
  "descripcion": "Xalisco",
  "estado": "NAY"
},
{
  "_id": {
    "$oid": "6594adaad806867401dedd18"
  },
  "clave": "14",
  "descripcion": "Putla Villa de Guerrero",
  "estado": "OAX"
},
{
  "_id": {
    "$oid": "6594adaad806867401dedd19"
  },
  "clave": "14",
  "descripcion": "Zacatlán",
  "estado": "PUE"
},
{
  "_id": {
    "$oid": "6594adaad806867401dedd1a"
  },
  "clave": "14",
  "descripcion": "Mocorito",
  "estado": "SIN"
},
{
  "_id": {
    "$oid": "6594adaad806867401dedd1b"
  },
  "clave": "14",
  "descripcion": "Cedral",
  "estado": "SLP"
},
{
  "_id": {
    "$oid": "6594adaad806867401dedd1c"
  },
  "clave": "14",
  "descripcion": "Magdalena de Kino",
  "estado": "SON"
},
{
  "_id": {
    "$oid": "6594adaad806867401dedd1d"
  },
  "clave": "14",
  "descripcion": "Ciudad Gustavo Díaz Ordaz",
  "estado": "TAM"
},
{
  "_id": {
    "$oid": "6594adaad806867401dedd1e"
  },
  "clave": "14",
  "descripcion": "Poza Rica de Hidalgo",
  "estado": "VER"
},
{
  "_id": {
    "$oid": "6594adaad806867401dedd1f"
  },
  "clave": "14",
  "descripcion": "Luis Moya",
  "estado": "ZAC"
},
{
  "_id": {
    "$oid": "6594adaad806867401dedd20"
  },
  "clave": "15",
  "descripcion": "Nadadores",
  "estado": "COA"
},
{
  "_id": {
    "$oid": "6594adaad806867401dedd21"
  },
  "clave": "15",
  "descripcion": "Saucillo",
  "estado": "CHH"
},
{
  "_id": {
    "$oid": "6594adaad806867401dedd22"
  },
  "clave": "15",
  "descripcion": "Chiapa de Corzo",
  "estado": "CHP"
},
{
  "_id": {
    "$oid": "6594adaad806867401dedd23"
  },
  "clave": "15",
  "descripcion": "Ciudad de México",
  "estado": "CMX"
},
{
  "_id": {
    "$oid": "6594adaad806867401dedd24"
  },
  "clave": "15",
  "descripcion": "Tierra Colorada",
  "estado": "GRO"
},
{
  "_id": {
    "$oid": "6594adaad806867401dedd25"
  },
  "clave": "15",
  "descripcion": "Tarandacuao",
  "estado": "GUA"
},
{
  "_id": {
    "$oid": "6594adaad806867401dedd26"
  },
  "clave": "15",
  "descripcion": "Tepeapulco",
  "estado": "HID"
},
{
  "_id": {
    "$oid": "6594adaad806867401dedd27"
  },
  "clave": "15",
  "descripcion": "San Diego de Alejandría",
  "estado": "JAL"
},
{
  "_id": {
    "$oid": "6594adaad806867401dedd28"
  },
  "clave": "15",
  "descripcion": "Santa Maria Tultepec",
  "estado": "MEX"
},
{
  "_id": {
    "$oid": "6594adaad806867401dedd29"
  },
  "clave": "15",
  "descripcion": "Maravatío de Ocampo",
  "estado": "MIC"
},
{
  "_id": {
    "$oid": "6594adaad806867401dedd2a"
  },
  "clave": "15",
  "descripcion": "San pedro Lagunillas",
  "estado": "NAY"
},
{
  "_id": {
    "$oid": "6594adaad806867401dedd2b"
  },
  "clave": "15",
  "descripcion": "Cadereyta Jiménez",
  "estado": "NLE"
},
{
  "_id": {
    "$oid": "6594adaad806867401dedd2c"
  },
  "clave": "15",
  "descripcion": "Cosolapa",
  "estado": "OAX"
},
{
  "_id": {
    "$oid": "6594adaad806867401dedd2d"
  },
  "clave": "15",
  "descripcion": "Xicotepec",
  "estado": "PUE"
},
{
  "_id": {
    "$oid": "6594adaad806867401dedd2e"
  },
  "clave": "15",
  "descripcion": "Angostura",
  "estado": "SIN"
},
{
  "_id": {
    "$oid": "6594adaad806867401dedd2f"
  },
  "clave": "15",
  "descripcion": "Tierra Nueva",
  "estado": "SLP"
},
{
  "_id": {
    "$oid": "6594adaad806867401dedd30"
  },
  "clave": "15",
  "descripcion": "Estación Manuel (Úrsulo Galván)",
  "estado": "TAM"
},
{
  "_id": {
    "$oid": "6594adaad806867401dedd31"
  },
  "clave": "15",
  "descripcion": "San Andrés Tuxtla",
  "estado": "VER"
},
{
  "_id": {
    "$oid": "6594adaad806867401dedd32"
  },
  "clave": "15",
  "descripcion": "Moyahua de Estrada",
  "estado": "ZAC"
},
{
  "_id": {
    "$oid": "6594adaad806867401dedd33"
  },
  "clave": "16",
  "descripcion": "Ramos Arizpe",
  "estado": "COA"
},
{
  "_id": {
    "$oid": "6594adaad806867401dedd34"
  },
  "clave": "16",
  "descripcion": "Cacahoatán",
  "estado": "CHP"
},
{
  "_id": {
    "$oid": "6594adaad806867401dedd35"
  },
  "clave": "16",
  "descripcion": "Ciudad de México",
  "estado": "CMX"
},
{
  "_id": {
    "$oid": "6594adaad806867401dedd36"
  },
  "clave": "16",
  "descripcion": "Coyuca de Benítez",
  "estado": "GRO"
},
{
  "_id": {
    "$oid": "6594adaad806867401dedd37"
  },
  "clave": "16",
  "descripcion": "Huanímaro",
  "estado": "GUA"
},
{
  "_id": {
    "$oid": "6594adaad806867401dedd38"
  },
  "clave": "16",
  "descripcion": "La Resolana",
  "estado": "JAL"
},
{
  "_id": {
    "$oid": "6594adaad806867401dedd39"
  },
  "clave": "16",
  "descripcion": "Tultitlán de Mariano Escobedo",
  "estado": "MEX"
},
{
  "_id": {
    "$oid": "6594adaad806867401dedd3a"
  },
  "clave": "16",
  "descripcion": "Zinapécuaro de Figueroa",
  "estado": "MIC"
},
{
  "_id": {
    "$oid": "6594adaad806867401dedd3b"
  },
  "clave": "16",
  "descripcion": "La peñita de Jaltemba",
  "estado": "NAY"
},
{
  "_id": {
    "$oid": "6594adaad806867401dedd3c"
  },
  "clave": "16",
  "descripcion": "Tlacolula de Matamoros",
  "estado": "OAX"
},
{
  "_id": {
    "$oid": "6594adaad806867401dedd3d"
  },
  "clave": "16",
  "descripcion": "Ciudad Serdán",
  "estado": "PUE"
},
{
  "_id": {
    "$oid": "6594adaad806867401dedd3e"
  },
  "clave": "16",
  "descripcion": "San Blas",
  "estado": "SIN"
},
{
  "_id": {
    "$oid": "6594adaad806867401dedd3f"
  },
  "clave": "16",
  "descripcion": "Villa de Reyes",
  "estado": "SLP"
},
{
  "_id": {
    "$oid": "6594adaad806867401dedd40"
  },
  "clave": "16",
  "descripcion": "Xicoténcatl",
  "estado": "TAM"
},
{
  "_id": {
    "$oid": "6594adaad806867401dedd41"
  },
  "clave": "16",
  "descripcion": "Túxpam de Rodríguez Cano",
  "estado": "VER"
},
{
  "_id": {
    "$oid": "6594adaad806867401dedd42"
  },
  "clave": "16",
  "descripcion": "Sombrerete",
  "estado": "ZAC"
},
{
  "_id": {
    "$oid": "6594adaad806867401dedd43"
  },
  "clave": "17",
  "descripcion": "Nava",
  "estado": "COA"
},
{
  "_id": {
    "$oid": "6594adaad806867401dedd44"
  },
  "clave": "17",
  "descripcion": "Ocozocoautla de Espinosa",
  "estado": "CHP"
},
{
  "_id": {
    "$oid": "6594adaad806867401dedd45"
  },
  "clave": "17",
  "descripcion": "Olinalá",
  "estado": "GRO"
},
{
  "_id": {
    "$oid": "6594adaad806867401dedd46"
  },
  "clave": "17",
  "descripcion": "Comonfort",
  "estado": "GUA"
},
{
  "_id": {
    "$oid": "6594adaad806867401dedd47"
  },
  "clave": "17",
  "descripcion": "Atotonilco el Alto",
  "estado": "JAL"
},
{
  "_id": {
    "$oid": "6594adaad806867401dedd48"
  },
  "clave": "17",
  "descripcion": "Cuautitlán",
  "estado": "MEX"
},
{
  "_id": {
    "$oid": "6594adaad806867401dedd49"
  },
  "clave": "17",
  "descripcion": "Puruándiro",
  "estado": "MIC"
},
{
  "_id": {
    "$oid": "6594adaad806867401dedd4a"
  },
  "clave": "17",
  "descripcion": "Jala",
  "estado": "NAY"
},
{
  "_id": {
    "$oid": "6594adaad806867401dedd4b"
  },
  "clave": "17",
  "descripcion": "Santiago",
  "estado": "NLE"
},
{
  "_id": {
    "$oid": "6594adaad806867401dedd4c"
  },
  "clave": "17",
  "descripcion": "San Pablo Villa de Mitla",
  "estado": "OAX"
},
{
  "_id": {
    "$oid": "6594adaad806867401dedd4d"
  },
  "clave": "17",
  "descripcion": "Amozoc",
  "estado": "PUE"
},
{
  "_id": {
    "$oid": "6594adaad806867401dedd4e"
  },
  "clave": "17",
  "descripcion": "La Cruz",
  "estado": "SIN"
},
{
  "_id": {
    "$oid": "6594adaad806867401dedd4f"
  },
  "clave": "17",
  "descripcion": "Fracción el Refugio",
  "estado": "SLP"
},
{
  "_id": {
    "$oid": "6594adaad806867401dedd50"
  },
  "clave": "17",
  "descripcion": "Ciudad Miguel Alemán",
  "estado": "TAM"
},
{
  "_id": {
    "$oid": "6594adaad806867401dedd51"
  },
  "clave": "17",
  "descripcion": "Veracruz",
  "estado": "VER"
},
{
  "_id": {
    "$oid": "6594adaad806867401dedd52"
  },
  "clave": "17",
  "descripcion": "Jalpa",
  "estado": "ZAC"
},
{
  "_id": {
    "$oid": "6594adaad806867401dedd53"
  },
  "clave": "18",
  "descripcion": "Zaragoza",
  "estado": "COA"
},
{
  "_id": {
    "$oid": "6594adaad806867401dedd54"
  },
  "clave": "18",
  "descripcion": "Cintalapa de Figueroa",
  "estado": "CHP"
},
{
  "_id": {
    "$oid": "6594adaad806867401dedd55"
  },
  "clave": "18",
  "descripcion": "Marquelia",
  "estado": "GRO"
},
{
  "_id": {
    "$oid": "6594adaad806867401dedd56"
  },
  "clave": "18",
  "descripcion": "Uriangato",
  "estado": "GUA"
},
{
  "_id": {
    "$oid": "6594adaad806867401dedd57"
  },
  "clave": "18",
  "descripcion": "Jalostotitlán",
  "estado": "JAL"
},
{
  "_id": {
    "$oid": "6594adaad806867401dedd58"
  },
  "clave": "18",
  "descripcion": "Ixtapaluca",
  "estado": "MEX"
},
{
  "_id": {
    "$oid": "6594adaad806867401dedd59"
  },
  "clave": "18",
  "descripcion": "Yurécuaro",
  "estado": "MIC"
},
{
  "_id": {
    "$oid": "6594adaad806867401dedd5a"
  },
  "clave": "18",
  "descripcion": "Ahuacatlán",
  "estado": "NAY"
},
{
  "_id": {
    "$oid": "6594adaad806867401dedd5b"
  },
  "clave": "18",
  "descripcion": "El cercado",
  "estado": "NLE"
},
{
  "_id": {
    "$oid": "6594adaad806867401dedd5c"
  },
  "clave": "18",
  "descripcion": "Natividad",
  "estado": "OAX"
},
{
  "_id": {
    "$oid": "6594adaad806867401dedd5d"
  },
  "clave": "18",
  "descripcion": "El rosario",
  "estado": "SIN"
},
{
  "_id": {
    "$oid": "6594adaad806867401dedd5e"
  },
  "clave": "18",
  "descripcion": "Tamazunchale",
  "estado": "SLP"
},
{
  "_id": {
    "$oid": "6594adaad806867401dedd5f"
  },
  "clave": "18",
  "descripcion": "Soto la Marina",
  "estado": "TAM"
},
{
  "_id": {
    "$oid": "6594adaad806867401dedd60"
  },
  "clave": "18",
  "descripcion": "Tierra Blanca",
  "estado": "VER"
},
{
  "_id": {
    "$oid": "6594adaad806867401dedd61"
  },
  "clave": "18",
  "descripcion": "Loreto",
  "estado": "ZAC"
},
{
  "_id": {
    "$oid": "6594adaad806867401dedd62"
  },
  "clave": "19",
  "descripcion": "San Buenaventura",
  "estado": "COA"
},
{
  "_id": {
    "$oid": "6594adaad806867401dedd63"
  },
  "clave": "19",
  "descripcion": "Pichucalco",
  "estado": "CHP"
},
{
  "_id": {
    "$oid": "6594adaad806867401dedd64"
  },
  "clave": "19",
  "descripcion": "Zumpango del Río",
  "estado": "GRO"
},
{
  "_id": {
    "$oid": "6594adaad806867401dedd65"
  },
  "clave": "19",
  "descripcion": "Pénjamo",
  "estado": "GUA"
},
{
  "_id": {
    "$oid": "6594adaad806867401dedd66"
  },
  "clave": "19",
  "descripcion": "Poncitlán",
  "estado": "JAL"
},
{
  "_id": {
    "$oid": "6594adaad806867401dedd67"
  },
  "clave": "19",
  "descripcion": "Texcoco de Mora",
  "estado": "MEX"
},
{
  "_id": {
    "$oid": "6594adaad806867401dedd68"
  },
  "clave": "19",
  "descripcion": "Huetamo de Núñez",
  "estado": "MIC"
},
{
  "_id": {
    "$oid": "6594adaad806867401dedd69"
  },
  "clave": "19",
  "descripcion": "Teotitlán de Flores Magón",
  "estado": "OAX"
},
{
  "_id": {
    "$oid": "6594adaad806867401dedd6a"
  },
  "clave": "19",
  "descripcion": "Estación Naranjo",
  "estado": "SIN"
},
{
  "_id": {
    "$oid": "6594adaad806867401dedd6b"
  },
  "clave": "19",
  "descripcion": "Santa María del Río",
  "estado": "SLP"
},
{
  "_id": {
    "$oid": "6594adaad806867401dedd6c"
  },
  "clave": "19",
  "descripcion": "Ciudad Tula",
  "estado": "TAM"
},
{
  "_id": {
    "$oid": "6594adaad806867401dedd6d"
  },
  "clave": "19",
  "descripcion": "Cosamaloapan",
  "estado": "VER"
},
{
  "_id": {
    "$oid": "6594adaad806867401dedd6e"
  },
  "clave": "19",
  "descripcion": "Juan Aldama",
  "estado": "ZAC"
},
{
  "_id": {
    "$oid": "6594adaad806867401dedd6f"
  },
  "clave": "20",
  "descripcion": "Ciudad Melchor Múzquiz",
  "estado": "COA"
},
{
  "_id": {
    "$oid": "6594adaad806867401dedd70"
  },
  "clave": "20",
  "descripcion": "Puerto Madero (San Benito)",
  "estado": "CHP"
},
{
  "_id": {
    "$oid": "6594adaad806867401dedd71"
  },
  "clave": "20",
  "descripcion": "San Luis de la Loma",
  "estado": "GRO"
},
{
  "_id": {
    "$oid": "6594adaad806867401dedd72"
  },
  "clave": "20",
  "descripcion": "Cuerámaro",
  "estado": "GUA"
},
{
  "_id": {
    "$oid": "6594adaad806867401dedd73"
  },
  "clave": "20",
  "descripcion": "Arandas",
  "estado": "JAL"
},
{
  "_id": {
    "$oid": "6594adaad806867401dedd74"
  },
  "clave": "20",
  "descripcion": "Toluca de Lerdo",
  "estado": "MEX"
},
{
  "_id": {
    "$oid": "6594adaad806867401dedd75"
  },
  "clave": "20",
  "descripcion": "Tacámbaro de Codallos",
  "estado": "MIC"
},
{
  "_id": {
    "$oid": "6594adaad806867401dedd76"
  },
  "clave": "20",
  "descripcion": "Anáhuac",
  "estado": "NLE"
},
{
  "_id": {
    "$oid": "6594adaad806867401dedd77"
  },
  "clave": "20",
  "descripcion": "Santa María Huatulco",
  "estado": "OAX"
},
{
  "_id": {
    "$oid": "6594adaad806867401dedd78"
  },
  "clave": "20",
  "descripcion": "Aguaruto",
  "estado": "SIN"
},
{
  "_id": {
    "$oid": "6594adaad806867401dedd79"
  },
  "clave": "20",
  "descripcion": "El Naranjo",
  "estado": "SLP"
},
{
  "_id": {
    "$oid": "6594adaad806867401dedd7a"
  },
  "clave": "20",
  "descripcion": "Nueva Ciudad Guerrero",
  "estado": "TAM"
},
{
  "_id": {
    "$oid": "6594adaad806867401dedd7b"
  },
  "clave": "20",
  "descripcion": "Carlos A. Carrillo",
  "estado": "VER"
},
{
  "_id": {
    "$oid": "6594adaad806867401dedd7c"
  },
  "clave": "21",
  "descripcion": "Viesca",
  "estado": "COA"
},
{
  "_id": {
    "$oid": "6594adaad806867401dedd7d"
  },
  "clave": "21",
  "descripcion": "Pijijiapan",
  "estado": "CHP"
},
{
  "_id": {
    "$oid": "6594adaad806867401dedd7e"
  },
  "clave": "21",
  "descripcion": "Petatlán",
  "estado": "GRO"
},
{
  "_id": {
    "$oid": "6594adaad806867401dedd7f"
  },
  "clave": "21",
  "descripcion": "Empalme Escobedo (Escobedo)",
  "estado": "GUA"
},
{
  "_id": {
    "$oid": "6594adaad806867401dedd80"
  },
  "clave": "21",
  "descripcion": "Talpa de Allende",
  "estado": "JAL"
},
{
  "_id": {
    "$oid": "6594adaad806867401dedd81"
  },
  "clave": "21",
  "descripcion": "Valle de Chalco Solidaridad",
  "estado": "MEX"
},
{
  "_id": {
    "$oid": "6594adaad806867401dedd82"
  },
  "clave": "21",
  "descripcion": "Ciudad Lázaro Cárdenas",
  "estado": "MIC"
},
{
  "_id": {
    "$oid": "6594adaad806867401dedd83"
  },
  "clave": "21",
  "descripcion": "García",
  "estado": "NLE"
},
{
  "_id": {
    "$oid": "6594adaad806867401dedd84"
  },
  "clave": "21",
  "descripcion": "San Juan Bautista Cuicatlán",
  "estado": "OAX"
},
{
  "_id": {
    "$oid": "6594adaad806867401dedd85"
  },
  "clave": "21",
  "descripcion": "Cosalá",
  "estado": "SIN"
},
{
  "_id": {
    "$oid": "6594adaad806867401dedd86"
  },
  "clave": "21",
  "descripcion": "Valle Hermoso",
  "estado": "TAM"
},
{
  "_id": {
    "$oid": "6594adaad806867401dedd87"
  },
  "clave": "21",
  "descripcion": "Pánuco",
  "estado": "VER"
},
{
  "_id": {
    "$oid": "6594adaad806867401dedd88"
  },
  "clave": "22",
  "descripcion": "Morelos",
  "estado": "COA"
},
{
  "_id": {
    "$oid": "6594adaad806867401dedd89"
  },
  "clave": "22",
  "descripcion": "Reforma",
  "estado": "CHP"
},
{
  "_id": {
    "$oid": "6594adaad806867401dedd8a"
  },
  "clave": "22",
  "descripcion": "La Unión",
  "estado": "GRO"
},
{
  "_id": {
    "$oid": "6594adaad806867401dedd8b"
  },
  "clave": "22",
  "descripcion": "San Luis de la Paz",
  "estado": "GUA"
},
{
  "_id": {
    "$oid": "6594adaad806867401dedd8c"
  },
  "clave": "22",
  "descripcion": "Etzatlán",
  "estado": "JAL"
},
{
  "_id": {
    "$oid": "6594adaad806867401dedd8d"
  },
  "clave": "22",
  "descripcion": "Tejupilco de Hidalgo",
  "estado": "MEX"
},
{
  "_id": {
    "$oid": "6594adaad806867401dedd8e"
  },
  "clave": "22",
  "descripcion": "Las Guacamayas",
  "estado": "MIC"
},
{
  "_id": {
    "$oid": "6594adaad806867401dedd8f"
  },
  "clave": "22",
  "descripcion": "Ciudad Benito Juárez",
  "estado": "NLE"
},
{
  "_id": {
    "$oid": "6594adaad806867401dedd90"
  },
  "clave": "22",
  "descripcion": "Villa Sola de Vega",
  "estado": "OAX"
},
{
  "_id": {
    "$oid": "6594adaad806867401dedd91"
  },
  "clave": "22",
  "descripcion": "San Ignacio",
  "estado": "SIN"
},
{
  "_id": {
    "$oid": "6594adaad806867401dedd92"
  },
  "clave": "22",
  "descripcion": "Tampico Alto",
  "estado": "VER"
},
{
  "_id": {
    "$oid": "6594adaad806867401dedd93"
  },
  "clave": "23",
  "descripcion": "Arteaga",
  "estado": "COA"
},
{
  "_id": {
    "$oid": "6594adaad806867401dedd94"
  },
  "clave": "23",
  "descripcion": "Huixtla",
  "estado": "CHP"
},
{
  "_id": {
    "$oid": "6594adaad806867401dedd95"
  },
  "clave": "23",
  "descripcion": "San Luis San Pedro",
  "estado": "GRO"
},
{
  "_id": {
    "$oid": "6594adaad806867401dedd96"
  },
  "clave": "23",
  "descripcion": "Valle de Santiago",
  "estado": "GUA"
},
{
  "_id": {
    "$oid": "6594adaad806867401dedd97"
  },
  "clave": "23",
  "descripcion": "Sayula",
  "estado": "JAL"
},
{
  "_id": {
    "$oid": "6594adaad806867401dedd98"
  },
  "clave": "23",
  "descripcion": "Chalco de Díaz Covarrubias",
  "estado": "MEX"
},
{
  "_id": {
    "$oid": "6594adaad806867401dedd99"
  },
  "clave": "23",
  "descripcion": "Jiquilpan de Juárez",
  "estado": "MIC"
},
{
  "_id": {
    "$oid": "6594adaad806867401dedd9a"
  },
  "clave": "23",
  "descripcion": "Ocotlán de Morelos",
  "estado": "OAX"
},
{
  "_id": {
    "$oid": "6594adaad806867401dedd9b"
  },
  "clave": "23",
  "descripcion": "Topolobampo",
  "estado": "SIN"
},
{
  "_id": {
    "$oid": "6594adaad806867401dedd9c"
  },
  "clave": "23",
  "descripcion": "Tempoal de Sánchez",
  "estado": "VER"
},
{
  "_id": {
    "$oid": "6594adaad806867401dedd9d"
  },
  "clave": "24",
  "descripcion": "Allende",
  "estado": "COA"
},
{
  "_id": {
    "$oid": "6594adaad806867401dedd9e"
  },
  "clave": "24",
  "descripcion": "Motozintla de Mendoza",
  "estado": "CHP"
},
{
  "_id": {
    "$oid": "6594adaad806867401dedd9f"
  },
  "clave": "24",
  "descripcion": "Teloloapan",
  "estado": "GRO"
},
{
  "_id": {
    "$oid": "6594adaad806867401dedda0"
  },
  "clave": "24",
  "descripcion": "Abasolo",
  "estado": "GUA"
},
{
  "_id": {
    "$oid": "6594adaad806867401dedda1"
  },
  "clave": "24",
  "descripcion": "Ahualulco de Mercado",
  "estado": "JAL"
},
{
  "_id": {
    "$oid": "6594adaad806867401dedda2"
  },
  "clave": "24",
  "descripcion": "Amatepec",
  "estado": "MEX"
},
{
  "_id": {
    "$oid": "6594adaad806867401dedda3"
  },
  "clave": "24",
  "descripcion": "Tuxpan",
  "estado": "MIC"
},
{
  "_id": {
    "$oid": "6594adaad806867401dedda4"
  },
  "clave": "24",
  "descripcion": "Villa de Zaachila",
  "estado": "OAX"
},
{
  "_id": {
    "$oid": "6594adaad806867401dedda5"
  },
  "clave": "24",
  "descripcion": "Lic. Benito Juárez (Campo Gobierno)",
  "estado": "SIN"
},
{
  "_id": {
    "$oid": "6594adaad806867401dedda6"
  },
  "clave": "24",
  "descripcion": "Tantoyuca",
  "estado": "VER"
},
{
  "_id": {
    "$oid": "6594adaad806867401dedda7"
  },
  "clave": "25",
  "descripcion": "Acala",
  "estado": "CHP"
},
{
  "_id": {
    "$oid": "6594adaad806867401dedda8"
  },
  "clave": "25",
  "descripcion": "Técpan de Galeana",
  "estado": "GRO"
},
{
  "_id": {
    "$oid": "6594adaad806867401dedda9"
  },
  "clave": "25",
  "descripcion": "Rincón de Tamayo",
  "estado": "GUA"
},
{
  "_id": {
    "$oid": "6594adaad806867401deddaa"
  },
  "clave": "25",
  "descripcion": "Autlán de Navarro",
  "estado": "JAL"
},
{
  "_id": {
    "$oid": "6594adaad806867401deddab"
  },
  "clave": "25",
  "descripcion": "Cotija de la Paz",
  "estado": "MIC"
},
{
  "_id": {
    "$oid": "6594adaad806867401deddac"
  },
  "clave": "25",
  "descripcion": "Miahuatlán de Porfirio Díaz",
  "estado": "OAX"
},
{
  "_id": {
    "$oid": "6594adaad806867401deddad"
  },
  "clave": "25",
  "descripcion": "Gutiérrez Zamora",
  "estado": "VER"
},
{
  "_id": {
    "$oid": "6594adaad806867401deddae"
  },
  "clave": "26",
  "descripcion": "Huitzuco",
  "estado": "GRO"
},
{
  "_id": {
    "$oid": "6594adaad806867401deddaf"
  },
  "clave": "26",
  "descripcion": "Villagrán",
  "estado": "GUA"
},
{
  "_id": {
    "$oid": "6594adaad806867401deddb0"
  },
  "clave": "26",
  "descripcion": "Magdalena",
  "estado": "JAL"
},
{
  "_id": {
    "$oid": "6594adaad806867401deddb1"
  },
  "clave": "26",
  "descripcion": "Melchor Ocampo",
  "estado": "MEX"
},
{
  "_id": {
    "$oid": "6594adaad806867401deddb2"
  },
  "clave": "26",
  "descripcion": "Nueva Italia de Ruiz",
  "estado": "MIC"
},
{
  "_id": {
    "$oid": "6594adaad806867401deddb3"
  },
  "clave": "26",
  "descripcion": "Unión Hidalgo",
  "estado": "OAX"
},
{
  "_id": {
    "$oid": "6594adaad806867401deddb4"
  },
  "clave": "26",
  "descripcion": "Platón Sánchez",
  "estado": "VER"
},
{
  "_id": {
    "$oid": "6594adaad806867401deddb5"
  },
  "clave": "27",
  "descripcion": "Tixtla de Guerrero",
  "estado": "GRO"
},
{
  "_id": {
    "$oid": "6594adaad806867401deddb6"
  },
  "clave": "27",
  "descripcion": "Yuriria",
  "estado": "GUA"
},
{
  "_id": {
    "$oid": "6594adaad806867401deddb7"
  },
  "clave": "27",
  "descripcion": "San Julián",
  "estado": "JAL"
},
{
  "_id": {
    "$oid": "6594adaad806867401deddb8"
  },
  "clave": "27",
  "descripcion": "San Vicente Chicoloapan de Juárez",
  "estado": "MEX"
},
{
  "_id": {
    "$oid": "6594adaad806867401deddb9"
  },
  "clave": "27",
  "descripcion": "Cuitzeo del Porvenir",
  "estado": "MIC"
},
{
  "_id": {
    "$oid": "6594adaad806867401deddba"
  },
  "clave": "27",
  "descripcion": "El Camarón",
  "estado": "OAX"
},
{
  "_id": {
    "$oid": "6594adaad806867401deddbb"
  },
  "clave": "27",
  "descripcion": "Juan Rodríguez Clara",
  "estado": "VER"
},
{
  "_id": {
    "$oid": "6594adaad806867401deddbc"
  },
  "clave": "28",
  "descripcion": "Tepecoacuilco de Trujano",
  "estado": "GRO"
},
{
  "_id": {
    "$oid": "6594adaad806867401deddbd"
  },
  "clave": "28",
  "descripcion": "Apaseo el Grande",
  "estado": "GUA"
},
{
  "_id": {
    "$oid": "6594adaad806867401deddbe"
  },
  "clave": "28",
  "descripcion": "Cocula",
  "estado": "JAL"
},
{
  "_id": {
    "$oid": "6594adaad806867401deddbf"
  },
  "clave": "28",
  "descripcion": "Capulhuac",
  "estado": "MEX"
},
{
  "_id": {
    "$oid": "6594adaad806867401deddc0"
  },
  "clave": "28",
  "descripcion": "San Pedro Mixtepec -Dto. 22-",
  "estado": "OAX"
},
{
  "_id": {
    "$oid": "6594adaad806867401deddc1"
  },
  "clave": "28",
  "descripcion": "Huatusco de Chicuellar",
  "estado": "VER"
},
{
  "_id": {
    "$oid": "6594adaad806867401deddc2"
  },
  "clave": "29",
  "descripcion": "San Marcos",
  "estado": "GRO"
},
{
  "_id": {
    "$oid": "6594adaad806867401deddc3"
  },
  "clave": "29",
  "descripcion": "Purísima de Bustos",
  "estado": "GUA"
},
{
  "_id": {
    "$oid": "6594adaad806867401deddc4"
  },
  "clave": "29",
  "descripcion": "El Grullo",
  "estado": "JAL"
},
{
  "_id": {
    "$oid": "6594adaad806867401deddc5"
  },
  "clave": "29",
  "descripcion": "Juchitepec de Mariano Riva Palacio",
  "estado": "MEX"
},
{
  "_id": {
    "$oid": "6594adaad806867401deddc6"
  },
  "clave": "29",
  "descripcion": "Santa Cruz Itundujia",
  "estado": "OAX"
},
{
  "_id": {
    "$oid": "6594adaad806867401deddc7"
  },
  "clave": "29",
  "descripcion": "Ixtaczoquitlán",
  "estado": "VER"
},
{
  "_id": {
    "$oid": "6594adaad806867401deddc8"
  },
  "clave": "30",
  "descripcion": "Azoyú",
  "estado": "GRO"
},
{
  "_id": {
    "$oid": "6594adaad806867401deddc9"
  },
  "clave": "30",
  "descripcion": "Salvatierra",
  "estado": "GUA"
},
{
  "_id": {
    "$oid": "6594adaad806867401deddca"
  },
  "clave": "30",
  "descripcion": "San Miguel el Alto",
  "estado": "JAL"
},
{
  "_id": {
    "$oid": "6594adaad806867401deddcb"
  },
  "clave": "30",
  "descripcion": "Tequixquiac",
  "estado": "MEX"
},
{
  "_id": {
    "$oid": "6594adaad806867401deddcc"
  },
  "clave": "30",
  "descripcion": "Chahuites",
  "estado": "OAX"
},
{
  "_id": {
    "$oid": "6594adaad806867401deddcd"
  },
  "clave": "30",
  "descripcion": "Río Blanco",
  "estado": "VER"
},
{
  "_id": {
    "$oid": "6594adaad806867401deddce"
  },
  "clave": "31",
  "descripcion": "Tlapehuala",
  "estado": "GRO"
},
{
  "_id": {
    "$oid": "6594adaad806867401deddcf"
  },
  "clave": "31",
  "descripcion": "Marfil",
  "estado": "GUA"
},
{
  "_id": {
    "$oid": "6594adaad806867401deddd0"
  },
  "clave": "31",
  "descripcion": "Tala",
  "estado": "JAL"
},
{
  "_id": {
    "$oid": "6594adaad806867401deddd1"
  },
  "clave": "31",
  "descripcion": "Xonacatlán",
  "estado": "MEX"
},
{
  "_id": {
    "$oid": "6594adaad806867401deddd2"
  },
  "clave": "31",
  "descripcion": "Heroica Ciudad de Ejutla de Crespo",
  "estado": "OAX"
},
{
  "_id": {
    "$oid": "6594adaad806867401deddd3"
  },
  "clave": "31",
  "descripcion": "Isla",
  "estado": "VER"
},
{
  "_id": {
    "$oid": "6594adaad806867401deddd4"
  },
  "clave": "32",
  "descripcion": "San Luis Acatlán",
  "estado": "GRO"
},
{
  "_id": {
    "$oid": "6594adaad806867401deddd5"
  },
  "clave": "32",
  "descripcion": "San José Iturbide",
  "estado": "GUA"
},
{
  "_id": {
    "$oid": "6594adaad806867401deddd6"
  },
  "clave": "32",
  "descripcion": "La Barca",
  "estado": "JAL"
},
{
  "_id": {
    "$oid": "6594adaad806867401deddd7"
  },
  "clave": "32",
  "descripcion": "San Mateo Atenco",
  "estado": "MEX"
},
{
  "_id": {
    "$oid": "6594adaad806867401deddd8"
  },
  "clave": "32",
  "descripcion": "San Pedro Tapanatepec",
  "estado": "OAX"
},
{
  "_id": {
    "$oid": "6594adaad806867401deddd9"
  },
  "clave": "32",
  "descripcion": "Cuitláhuac",
  "estado": "VER"
},
{
  "_id": {
    "$oid": "6594adaad806867401deddda"
  },
  "clave": "33",
  "descripcion": "Chilapa de Álvarez",
  "estado": "GRO"
},
{
  "_id": {
    "$oid": "6594adaad806867401dedddb"
  },
  "clave": "33",
  "descripcion": "Apaseo el Alto",
  "estado": "GUA"
},
{
  "_id": {
    "$oid": "6594adaad806867401dedddc"
  },
  "clave": "33",
  "descripcion": "Jamay",
  "estado": "JAL"
},
{
  "_id": {
    "$oid": "6594adaad806867401dedddd"
  },
  "clave": "33",
  "descripcion": "Vicente Camalote",
  "estado": "OAX"
},
{
  "_id": {
    "$oid": "6594adaad806867401deddde"
  },
  "clave": "33",
  "descripcion": "Fortín de las Flores",
  "estado": "VER"
},
{
  "_id": {
    "$oid": "6594adaad806867401dedddf"
  },
  "clave": "34",
  "descripcion": "Tlapa de Comonfort",
  "estado": "GRO"
},
{
  "_id": {
    "$oid": "6594adaad806867401dedde0"
  },
  "clave": "34",
  "descripcion": "Ciudad Manuel Doblado",
  "estado": "GUA"
},
{
  "_id": {
    "$oid": "6594adaad806867401dedde1"
  },
  "clave": "34",
  "descripcion": "Yahualica de González Gallo",
  "estado": "JAL"
},
{
  "_id": {
    "$oid": "6594adaad806867401dedde2"
  },
  "clave": "34",
  "descripcion": "Villa de Tamazulápam del Progreso",
  "estado": "OAX"
},
{
  "_id": {
    "$oid": "6594adaad806867401dedde3"
  },
  "clave": "34",
  "descripcion": "Alvarado",
  "estado": "VER"
},
{
  "_id": {
    "$oid": "6594adaad806867401dedde4"
  },
  "clave": "35",
  "descripcion": "Tlalixtaquilla",
  "estado": "GRO"
},
{
  "_id": {
    "$oid": "6594adaad806867401dedde5"
  },
  "clave": "35",
  "descripcion": "Jaral del Progreso",
  "estado": "GUA"
},
{
  "_id": {
    "$oid": "6594adaad806867401dedde6"
  },
  "clave": "35",
  "descripcion": "Colotlán",
  "estado": "JAL"
},
{
  "_id": {
    "$oid": "6594adaad806867401dedde7"
  },
  "clave": "35",
  "descripcion": "San Juan Bautista lo de Soto",
  "estado": "OAX"
},
{
  "_id": {
    "$oid": "6594adaad806867401dedde8"
  },
  "clave": "35",
  "descripcion": "José Cardel",
  "estado": "VER"
},
{
  "_id": {
    "$oid": "6594adaad806867401dedde9"
  },
  "clave": "36",
  "descripcion": "Cuajinicuilapa",
  "estado": "GRO"
},
{
  "_id": {
    "$oid": "6594adaad806867401deddea"
  },
  "clave": "36",
  "descripcion": "San Diego de la Unión",
  "estado": "GUA"
},
{
  "_id": {
    "$oid": "6594adaad806867401deddeb"
  },
  "clave": "36",
  "descripcion": "Cihuatlán",
  "estado": "JAL"
},
{
  "_id": {
    "$oid": "6594adaad806867401deddec"
  },
  "clave": "36",
  "descripcion": "Chiconcuac",
  "estado": "MEX"
},
{
  "_id": {
    "$oid": "6594adaad806867401dedded"
  },
  "clave": "36",
  "descripcion": "San Juan Cacahuatepec",
  "estado": "OAX"
},
{
  "_id": {
    "$oid": "6594adaad806867401deddee"
  },
  "clave": "36",
  "descripcion": "Banderilla",
  "estado": "VER"
},
{
  "_id": {
    "$oid": "6594adaad806867401deddef"
  },
  "clave": "37",
  "descripcion": "Huamuxtitlán",
  "estado": "GRO"
},
{
  "_id": {
    "$oid": "6594adaad806867401deddf0"
  },
  "clave": "37",
  "descripcion": "Santa Cruz Juventino Rosas",
  "estado": "GUA"
},
{
  "_id": {
    "$oid": "6594adaad806867401deddf1"
  },
  "clave": "37",
  "descripcion": "Zapotiltic",
  "estado": "JAL"
},
{
  "_id": {
    "$oid": "6594adaad806867401deddf2"
  },
  "clave": "37",
  "descripcion": "San Pedro Totolapa",
  "estado": "OAX"
},
{
  "_id": {
    "$oid": "6594adaad806867401deddf3"
  },
  "clave": "37",
  "descripcion": "Paraje Nuevo",
  "estado": "VER"
},
{
  "_id": {
    "$oid": "6594adaad806867401deddf4"
  },
  "clave": "38",
  "descripcion": "Cruz Grande",
  "estado": "GRO"
},
{
  "_id": {
    "$oid": "6594adaad806867401deddf5"
  },
  "clave": "38",
  "descripcion": "Doctor Mora",
  "estado": "GUA"
},
{
  "_id": {
    "$oid": "6594adaad806867401deddf6"
  },
  "clave": "38",
  "descripcion": "Villa Corona",
  "estado": "JAL"
},
{
  "_id": {
    "$oid": "6594adaad806867401deddf7"
  },
  "clave": "38",
  "descripcion": "San Miguel el Grande",
  "estado": "OAX"
},
{
  "_id": {
    "$oid": "6594adaad806867401deddf8"
  },
  "clave": "38",
  "descripcion": "Playa Vicente",
  "estado": "VER"
},
{
  "_id": {
    "$oid": "6594adaad806867401deddf9"
  },
  "clave": "39",
  "descripcion": "Ocotito",
  "estado": "GRO"
},
{
  "_id": {
    "$oid": "6594adaad806867401deddfa"
  },
  "clave": "39",
  "descripcion": "Dolores Hgo. Cuna de la Indep. Nal.",
  "estado": "GUA"
},
{
  "_id": {
    "$oid": "6594adaad806867401deddfb"
  },
  "clave": "39",
  "descripcion": "Teocaltiche",
  "estado": "JAL"
},
{
  "_id": {
    "$oid": "6594adaad806867401deddfc"
  },
  "clave": "39",
  "descripcion": "Almoloya de Juárez",
  "estado": "MEX"
},
{
  "_id": {
    "$oid": "6594adaad806867401deddfd"
  },
  "clave": "39",
  "descripcion": "Zimatlán de Álvarez",
  "estado": "OAX"
},
{
  "_id": {
    "$oid": "6594adaad806867401deddfe"
  },
  "clave": "39",
  "descripcion": "Altotonga",
  "estado": "VER"
},
{
  "_id": {
    "$oid": "6594adaad806867401deddff"
  },
  "clave": "40",
  "descripcion": "Copala",
  "estado": "GRO"
},
{
  "_id": {
    "$oid": "6594adaad806867401dede00"
  },
  "clave": "40",
  "descripcion": "Ocoyoacac",
  "estado": "MEX"
},
{
  "_id": {
    "$oid": "6594adaad806867401dede01"
  },
  "clave": "40",
  "descripcion": "San Pablo Huitzo",
  "estado": "OAX"
},
{
  "_id": {
    "$oid": "6594adaad806867401dede02"
  },
  "clave": "40",
  "descripcion": "Juan Díaz Covarrubias",
  "estado": "VER"
},
{
  "_id": {
    "$oid": "6594adaad806867401dede03"
  },
  "clave": "41",
  "descripcion": "Zihuatanejo",
  "estado": "GRO"
},
{
  "_id": {
    "$oid": "6594adaad806867401dede04"
  },
  "clave": "41",
  "descripcion": "Tequila",
  "estado": "JAL"
},
{
  "_id": {
    "$oid": "6594adaad806867401dede05"
  },
  "clave": "41",
  "descripcion": "Zumpango",
  "estado": "MEX"
},
{
  "_id": {
    "$oid": "6594adaad806867401dede06"
  },
  "clave": "41",
  "descripcion": "San Francisco Telixtlahuaca",
  "estado": "OAX"
},
{
  "_id": {
    "$oid": "6594adaad806867401dede07"
  },
  "clave": "41",
  "descripcion": "Cuichapa",
  "estado": "VER"
},
{
  "_id": {
    "$oid": "6594adaad806867401dede08"
  },
  "clave": "42",
  "descripcion": "El Quince (San José el Quince)",
  "estado": "JAL"
},
{
  "_id": {
    "$oid": "6594adaad806867401dede09"
  },
  "clave": "42",
  "descripcion": "Mariscala de Juárez",
  "estado": "OAX"
},
{
  "_id": {
    "$oid": "6594adaad806867401dede0a"
  },
  "clave": "42",
  "descripcion": "Santiago Tuxtla",
  "estado": "VER"
},
{
  "_id": {
    "$oid": "6594adaad806867401dede0b"
  },
  "clave": "43",
  "descripcion": "San José el Verde (El Verde)",
  "estado": "JAL"
},
{
  "_id": {
    "$oid": "6594adaad806867401dede0c"
  },
  "clave": "43",
  "descripcion": "Santiago Pinotepa Nacional",
  "estado": "OAX"
},
{
  "_id": {
    "$oid": "6594adaad806867401dede0d"
  },
  "clave": "43",
  "descripcion": "Huayacocotla",
  "estado": "VER"
},
{
  "_id": {
    "$oid": "6594adaad806867401dede0e"
  },
  "clave": "44",
  "descripcion": "Jocotepec",
  "estado": "JAL"
},
{
  "_id": {
    "$oid": "6594adaad806867401dede0f"
  },
  "clave": "44",
  "descripcion": "Santiago Jamiltepec",
  "estado": "OAX"
},
{
  "_id": {
    "$oid": "6594adaad806867401dede10"
  },
  "clave": "44",
  "descripcion": "Paso de Ovejas",
  "estado": "VER"
},
{
  "_id": {
    "$oid": "6594adaad806867401dede11"
  },
  "clave": "45",
  "descripcion": "Tecalitlán",
  "estado": "JAL"
},
{
  "_id": {
    "$oid": "6594adaad806867401dede12"
  },
  "clave": "45",
  "descripcion": "San Pedro Pochutla",
  "estado": "OAX"
},
{
  "_id": {
    "$oid": "6594adaad806867401dede13"
  },
  "clave": "45",
  "descripcion": "Catemaco",
  "estado": "VER"
},
{
  "_id": {
    "$oid": "6594adaad806867401dede14"
  },
  "clave": "46",
  "descripcion": "Chapala",
  "estado": "JAL"
},
{
  "_id": {
    "$oid": "6594adaad806867401dede15"
  },
  "clave": "46",
  "descripcion": "Heroica Ciudad de Tlaxiaco",
  "estado": "OAX"
},
{
  "_id": {
    "$oid": "6594adaad806867401dede16"
  },
  "clave": "46",
  "descripcion": "Nogales",
  "estado": "VER"
},
{
  "_id": {
    "$oid": "6594adaad806867401dede17"
  },
  "clave": "47",
  "descripcion": "Ajijic",
  "estado": "JAL"
},
{
  "_id": {
    "$oid": "6594adaad806867401dede18"
  },
  "clave": "47",
  "descripcion": "San Juan Bautista Valle Nacional",
  "estado": "OAX"
},
{
  "_id": {
    "$oid": "6594adaad806867401dede19"
  },
  "clave": "47",
  "descripcion": "Las Choapas",
  "estado": "VER"
},
{
  "_id": {
    "$oid": "6594adaad806867401dede1a"
  },
  "clave": "48",
  "descripcion": "San Ignacio Cerro Gordo",
  "estado": "JAL"
},
{
  "_id": {
    "$oid": "6594adaad806867401dede1b"
  },
  "clave": "48",
  "descripcion": "Lagunas",
  "estado": "OAX"
},
{
  "_id": {
    "$oid": "6594adaad806867401dede1c"
  },
  "clave": "48",
  "descripcion": "General Miguel Alemán (Potrero Nuevo)",
  "estado": "VER"
},
{
  "_id": {
    "$oid": "6594adaad806867401dede1d"
  },
  "clave": "49",
  "descripcion": "Zacoalco de Torres",
  "estado": "JAL"
},
{
  "_id": {
    "$oid": "6594adaad806867401dede1e"
  },
  "clave": "49",
  "descripcion": "Ciudad Ixtepec",
  "estado": "OAX"
},
{
  "_id": {
    "$oid": "6594adaad806867401dede1f"
  },
  "clave": "49",
  "descripcion": "Coatzintla",
  "estado": "VER"
},
{
  "_id": {
    "$oid": "6594adaad806867401dede20"
  },
  "clave": "50",
  "descripcion": "Huejuquilla el Alto",
  "estado": "JAL"
},
{
  "_id": {
    "$oid": "6594adaad806867401dede21"
  },
  "clave": "50",
  "descripcion": "Santiago Juxtlahuaca",
  "estado": "OAX"
},
{
  "_id": {
    "$oid": "6594adaad806867401dede22"
  },
  "clave": "50",
  "descripcion": "Ángel R. Cabada",
  "estado": "VER"
},
{
  "_id": {
    "$oid": "6594adaad806867401dede23"
  },
  "clave": "51",
  "descripcion": "Villa Hidalgo",
  "estado": "JAL"
},
{
  "_id": {
    "$oid": "6594adaad806867401dede24"
  },
  "clave": "51",
  "descripcion": "San Sebastián Tecomaxtlahuaca",
  "estado": "OAX"
},
{
  "_id": {
    "$oid": "6594adaad806867401dede25"
  },
  "clave": "51",
  "descripcion": "San Rafael",
  "estado": "VER"
},
{
  "_id": {
    "$oid": "6594adaad806867401dede26"
  },
  "clave": "52",
  "descripcion": "Unión de San Antonio",
  "estado": "JAL"
},
{
  "_id": {
    "$oid": "6594adaad806867401dede27"
  },
  "clave": "52",
  "descripcion": "Asunción Nochixtlán",
  "estado": "OAX"
},
{
  "_id": {
    "$oid": "6594adaad806867401dede28"
  },
  "clave": "52",
  "descripcion": "Tlacojalpan",
  "estado": "VER"
},
{
  "_id": {
    "$oid": "6594adaad806867401dede29"
  },
  "clave": "53",
  "descripcion": "Las Pintitas",
  "estado": "JAL"
},
{
  "_id": {
    "$oid": "6594adaad806867401dede2a"
  },
  "clave": "53",
  "descripcion": "San Francisco Ixhuatán",
  "estado": "OAX"
},
{
  "_id": {
    "$oid": "6594adaad806867401dede2b"
  },
  "clave": "53",
  "descripcion": "Cosoleacaque",
  "estado": "VER"
},
{
  "_id": {
    "$oid": "6594adaad806867401dede2c"
  },
  "clave": "54",
  "descripcion": "Tamazula de Gordiano",
  "estado": "JAL"
},
{
  "_id": {
    "$oid": "6594adaad806867401dede2d"
  },
  "clave": "54",
  "descripcion": "San Blas Atempa",
  "estado": "OAX"
},
{
  "_id": {
    "$oid": "6594adaad806867401dede2e"
  },
  "clave": "54",
  "descripcion": "Lerdo de Tejada",
  "estado": "VER"
},
{
  "_id": {
    "$oid": "6594adaad806867401dede2f"
  },
  "clave": "55",
  "descripcion": "Acatlán de Juárez",
  "estado": "JAL"
},
{
  "_id": {
    "$oid": "6594adaad806867401dede30"
  },
  "clave": "55",
  "descripcion": "Santo Domingo Tehuantepec",
  "estado": "OAX"
},
{
  "_id": {
    "$oid": "6594adaad806867401dede31"
  },
  "clave": "55",
  "descripcion": "Tihuatlán",
  "estado": "VER"
},
{
  "_id": {
    "$oid": "6594adaad806867401dede32"
  },
  "clave": "56",
  "descripcion": "Valle de Guadalupe",
  "estado": "JAL"
},
{
  "_id": {
    "$oid": "6594adaad806867401dede33"
  },
  "clave": "56",
  "descripcion": "Cuilápam de Guerrero",
  "estado": "OAX"
},
{
  "_id": {
    "$oid": "6594adaad806867401dede34"
  },
  "clave": "56",
  "descripcion": "Atoyac",
  "estado": "VER"
},
{
  "_id": {
    "$oid": "6594adaad806867401dede35"
  },
  "clave": "57",
  "descripcion": "El Rosario",
  "estado": "OAX"
},
{
  "_id": {
    "$oid": "6594adaad806867401dede36"
  },
  "clave": "57",
  "descripcion": "Huiloapan de Cuauhtémoc",
  "estado": "VER"
},
{
  "_id": {
    "$oid": "6594adaad806867401dede37"
  },
  "clave": "58",
  "descripcion": "Santa Lucia del Camino",
  "estado": "OAX"
},
{
  "_id": {
    "$oid": "6594adaad806867401dede38"
  },
  "clave": "58",
  "descripcion": "Cazones de Herrera",
  "estado": "VER"
},
{
  "_id": {
    "$oid": "6594adaad806867401dede39"
  },
  "clave": "59",
  "descripcion": "San Antonio de la Cal",
  "estado": "OAX"
},
{
  "_id": {
    "$oid": "6594adaad806867401dede3a"
  },
  "clave": "59",
  "descripcion": "Yecuatla",
  "estado": "VER"
},
{
  "_id": {
    "$oid": "6594adaad806867401dede3b"
  },
  "clave": "60",
  "descripcion": "Soledad de Doblado",
  "estado": "VER"
},
{
  "_id": {
    "$oid": "6594adaad806867401dede3c"
  },
  "clave": "61",
  "descripcion": "Cerro Azul",
  "estado": "VER"
},
{
  "_id": {
    "$oid": "6594adaad806867401dede3d"
  },
  "clave": "62",
  "descripcion": "Tezonapa",
  "estado": "VER"
},
{
  "_id": {
    "$oid": "6594adaad806867401dede3e"
  },
  "clave": "66",
  "descripcion": "Sihuapan",
  "estado": "VER"
},
{
  "_id": {
    "$oid": "6594adaad806867401dede3f"
  },
  "clave": "67",
  "descripcion": "El Higo",
  "estado": "VER"
},
{
  "_id": {
    "$oid": "6594adaad806867401dede40"
  },
  "clave": "68",
  "descripcion": "Paso del Macho",
  "estado": "VER"
},
{
  "_id": {
    "$oid": "6594adaad806867401dede41"
  },
  "clave": "69",
  "descripcion": "Tlapacoyan",
  "estado": "VER"
}]