[{
  "_id": {
    "$oid": "6595bdaed806867401dee970"
  },
  "clave": "01",
  "descripcion": "Enero"
},
{
  "_id": {
    "$oid": "6595bdaed806867401dee971"
  },
  "clave": "02",
  "descripcion": "Febrero"
},
{
  "_id": {
    "$oid": "6595bdaed806867401dee972"
  },
  "clave": "03",
  "descripcion": "Marzo"
},
{
  "_id": {
    "$oid": "6595bdaed806867401dee973"
  },
  "clave": "04",
  "descripcion": "Abril"
},
{
  "_id": {
    "$oid": "6595bdaed806867401dee974"
  },
  "clave": "05",
  "descripcion": "Mayo"
},
{
  "_id": {
    "$oid": "6595bdaed806867401dee975"
  },
  "clave": "06",
  "descripcion": "Junio"
},
{
  "_id": {
    "$oid": "6595bdaed806867401dee976"
  },
  "clave": "07",
  "descripcion": "Julio"
},
{
  "_id": {
    "$oid": "6595bdaed806867401dee977"
  },
  "clave": "08",
  "descripcion": "Agosto"
},
{
  "_id": {
    "$oid": "6595bdaed806867401dee978"
  },
  "clave": "09",
  "descripcion": "Septiembre"
},
{
  "_id": {
    "$oid": "6595bdaed806867401dee979"
  },
  "clave": "10",
  "descripcion": "Octubre"
},
{
  "_id": {
    "$oid": "6595bdaed806867401dee97a"
  },
  "clave": "11",
  "descripcion": "Noviembre"
},
{
  "_id": {
    "$oid": "6595bdaed806867401dee97b"
  },
  "clave": "12",
  "descripcion": "Diciembre"
},
{
  "_id": {
    "$oid": "6595bdaed806867401dee97c"
  },
  "clave": "13",
  "descripcion": "Enero-Febrero"
},
{
  "_id": {
    "$oid": "6595bdaed806867401dee97d"
  },
  "clave": "14",
  "descripcion": "Marzo-Abril"
},
{
  "_id": {
    "$oid": "6595bdaed806867401dee97e"
  },
  "clave": "15",
  "descripcion": "Mayo-Junio"
},
{
  "_id": {
    "$oid": "6595bdaed806867401dee97f"
  },
  "clave": "16",
  "descripcion": "Julio-Agosto"
},
{
  "_id": {
    "$oid": "6595bdaed806867401dee980"
  },
  "clave": "17",
  "descripcion": "Septiembre-Octubre"
},
{
  "_id": {
    "$oid": "6595bdaed806867401dee981"
  },
  "clave": "18",
  "descripcion": "Noviembre-Diciembre"
}]