[{
  "_id": {
    "$oid": "65282607472ddcb48edef956"
  },
  "clave": "AED",
  "descripcion": "Dirham de EAU",
  "decimales": "2",
  "porcentaje_variacion": "5"
},
{
  "_id": {
    "$oid": "65282607472ddcb48edef957"
  },
  "clave": "AFN",
  "descripcion": "Afghani",
  "decimales": "2",
  "porcentaje_variacion": "5"
},
{
  "_id": {
    "$oid": "65282607472ddcb48edef958"
  },
  "clave": "ALL",
  "descripcion": "Lek",
  "decimales": "2",
  "porcentaje_variacion": "5"
},
{
  "_id": {
    "$oid": "65282607472ddcb48edef959"
  },
  "clave": "AMD",
  "descripcion": "Dram armenio",
  "decimales": "2",
  "porcentaje_variacion": "5"
},
{
  "_id": {
    "$oid": "65282607472ddcb48edef95a"
  },
  "clave": "ANG",
  "descripcion": "Florín antillano neerlandés",
  "decimales": "2",
  "porcentaje_variacion": "5"
},
{
  "_id": {
    "$oid": "65282607472ddcb48edef95b"
  },
  "clave": "AOA",
  "descripcion": "Kwanza",
  "decimales": "2",
  "porcentaje_variacion": "5"
},
{
  "_id": {
    "$oid": "65282607472ddcb48edef95c"
  },
  "clave": "ARS",
  "descripcion": "Peso Argentino",
  "decimales": "2",
  "porcentaje_variacion": "5"
},
{
  "_id": {
    "$oid": "65282607472ddcb48edef95d"
  },
  "clave": "AUD",
  "descripcion": "Dólar Australiano",
  "decimales": "2",
  "porcentaje_variacion": "5"
},
{
  "_id": {
    "$oid": "65282607472ddcb48edef95e"
  },
  "clave": "AWG",
  "descripcion": "Aruba Florin",
  "decimales": "2",
  "porcentaje_variacion": "5"
},
{
  "_id": {
    "$oid": "65282607472ddcb48edef95f"
  },
  "clave": "AZN",
  "descripcion": "Azerbaijanian Manat",
  "decimales": "2",
  "porcentaje_variacion": "5"
},
{
  "_id": {
    "$oid": "65282607472ddcb48edef960"
  },
  "clave": "BAM",
  "descripcion": "Convertibles marca",
  "decimales": "2",
  "porcentaje_variacion": "5"
},
{
  "_id": {
    "$oid": "65282607472ddcb48edef961"
  },
  "clave": "BBD",
  "descripcion": "Dólar de Barbados",
  "decimales": "2",
  "porcentaje_variacion": "5"
},
{
  "_id": {
    "$oid": "65282607472ddcb48edef962"
  },
  "clave": "BDT",
  "descripcion": "Taka",
  "decimales": "2",
  "porcentaje_variacion": "5"
},
{
  "_id": {
    "$oid": "65282607472ddcb48edef963"
  },
  "clave": "BGN",
  "descripcion": "Lev búlgaro",
  "decimales": "2",
  "porcentaje_variacion": "5"
},
{
  "_id": {
    "$oid": "65282607472ddcb48edef964"
  },
  "clave": "BHD",
  "descripcion": "Dinar de Bahrein",
  "decimales": "3",
  "porcentaje_variacion": "5"
},
{
  "_id": {
    "$oid": "65282607472ddcb48edef965"
  },
  "clave": "BIF",
  "descripcion": "Burundi Franc",
  "decimales": "0",
  "porcentaje_variacion": "5"
},
{
  "_id": {
    "$oid": "65282607472ddcb48edef966"
  },
  "clave": "BMD",
  "descripcion": "Dólar de Bermudas",
  "decimales": "2",
  "porcentaje_variacion": "5"
},
{
  "_id": {
    "$oid": "65282607472ddcb48edef967"
  },
  "clave": "BND",
  "descripcion": "Dólar de Brunei",
  "decimales": "2",
  "porcentaje_variacion": "5"
},
{
  "_id": {
    "$oid": "65282607472ddcb48edef968"
  },
  "clave": "BOB",
  "descripcion": "Boliviano",
  "decimales": "2",
  "porcentaje_variacion": "5"
},
{
  "_id": {
    "$oid": "65282607472ddcb48edef969"
  },
  "clave": "BOV",
  "descripcion": "Mvdol",
  "decimales": "2",
  "porcentaje_variacion": "5"
},
{
  "_id": {
    "$oid": "65282607472ddcb48edef96a"
  },
  "clave": "BRL",
  "descripcion": "Real brasileño",
  "decimales": "2",
  "porcentaje_variacion": "5"
},
{
  "_id": {
    "$oid": "65282607472ddcb48edef96b"
  },
  "clave": "BSD",
  "descripcion": "Dólar de las Bahamas",
  "decimales": "2",
  "porcentaje_variacion": "5"
},
{
  "_id": {
    "$oid": "65282607472ddcb48edef96c"
  },
  "clave": "BTN",
  "descripcion": "Ngultrum",
  "decimales": "2",
  "porcentaje_variacion": "5"
},
{
  "_id": {
    "$oid": "65282607472ddcb48edef96d"
  },
  "clave": "BWP",
  "descripcion": "Pula",
  "decimales": "2",
  "porcentaje_variacion": "5"
},
{
  "_id": {
    "$oid": "65282607472ddcb48edef96e"
  },
  "clave": "BYR",
  "descripcion": "Rublo bielorruso",
  "decimales": "0",
  "porcentaje_variacion": "5"
},
{
  "_id": {
    "$oid": "65282607472ddcb48edef96f"
  },
  "clave": "BZD",
  "descripcion": "Dólar de Belice",
  "decimales": "2",
  "porcentaje_variacion": "5"
},
{
  "_id": {
    "$oid": "65282607472ddcb48edef970"
  },
  "clave": "CAD",
  "descripcion": "Dolar Canadiense",
  "decimales": "2",
  "porcentaje_variacion": "5"
},
{
  "_id": {
    "$oid": "65282607472ddcb48edef971"
  },
  "clave": "CDF",
  "descripcion": "Franco congoleño",
  "decimales": "2",
  "porcentaje_variacion": "5"
},
{
  "_id": {
    "$oid": "65282607472ddcb48edef972"
  },
  "clave": "CHE",
  "descripcion": "WIR Euro",
  "decimales": "2",
  "porcentaje_variacion": "5"
},
{
  "_id": {
    "$oid": "65282607472ddcb48edef973"
  },
  "clave": "CHF",
  "descripcion": "Franco Suizo",
  "decimales": "2",
  "porcentaje_variacion": "5"
},
{
  "_id": {
    "$oid": "65282607472ddcb48edef974"
  },
  "clave": "CHW",
  "descripcion": "Franc WIR",
  "decimales": "2",
  "porcentaje_variacion": "5"
},
{
  "_id": {
    "$oid": "65282607472ddcb48edef975"
  },
  "clave": "CLF",
  "descripcion": "Unidad de Fomento",
  "decimales": "4",
  "porcentaje_variacion": "5"
},
{
  "_id": {
    "$oid": "65282607472ddcb48edef976"
  },
  "clave": "CLP",
  "descripcion": "Peso chileno",
  "decimales": "0",
  "porcentaje_variacion": "5"
},
{
  "_id": {
    "$oid": "65282607472ddcb48edef977"
  },
  "clave": "CNY",
  "descripcion": "Yuan Renminbi",
  "decimales": "2",
  "porcentaje_variacion": "5"
},
{
  "_id": {
    "$oid": "65282607472ddcb48edef978"
  },
  "clave": "COP",
  "descripcion": "Peso Colombiano",
  "decimales": "2",
  "porcentaje_variacion": "5"
},
{
  "_id": {
    "$oid": "65282607472ddcb48edef979"
  },
  "clave": "COU",
  "descripcion": "Unidad de Valor real",
  "decimales": "2",
  "porcentaje_variacion": "5"
},
{
  "_id": {
    "$oid": "65282607472ddcb48edef97a"
  },
  "clave": "CRC",
  "descripcion": "Colón costarricense",
  "decimales": "2",
  "porcentaje_variacion": "5"
},
{
  "_id": {
    "$oid": "65282607472ddcb48edef97b"
  },
  "clave": "CUC",
  "descripcion": "Peso Convertible",
  "decimales": "2",
  "porcentaje_variacion": "5"
},
{
  "_id": {
    "$oid": "65282607472ddcb48edef97c"
  },
  "clave": "CUP",
  "descripcion": "Peso Cubano",
  "decimales": "2",
  "porcentaje_variacion": "5"
},
{
  "_id": {
    "$oid": "65282607472ddcb48edef97d"
  },
  "clave": "CVE",
  "descripcion": "Cabo Verde Escudo",
  "decimales": "2",
  "porcentaje_variacion": "5"
},
{
  "_id": {
    "$oid": "65282607472ddcb48edef97e"
  },
  "clave": "CZK",
  "descripcion": "Corona checa",
  "decimales": "2",
  "porcentaje_variacion": "5"
},
{
  "_id": {
    "$oid": "65282607472ddcb48edef97f"
  },
  "clave": "DJF",
  "descripcion": "Franco de Djibouti",
  "decimales": "0",
  "porcentaje_variacion": "5"
},
{
  "_id": {
    "$oid": "65282607472ddcb48edef980"
  },
  "clave": "DKK",
  "descripcion": "Corona danesa",
  "decimales": "2",
  "porcentaje_variacion": "5"
},
{
  "_id": {
    "$oid": "65282607472ddcb48edef981"
  },
  "clave": "DOP",
  "descripcion": "Peso Dominicano",
  "decimales": "2",
  "porcentaje_variacion": "5"
},
{
  "_id": {
    "$oid": "65282607472ddcb48edef982"
  },
  "clave": "DZD",
  "descripcion": "Dinar argelino",
  "decimales": "2",
  "porcentaje_variacion": "5"
},
{
  "_id": {
    "$oid": "65282607472ddcb48edef983"
  },
  "clave": "EGP",
  "descripcion": "Libra egipcia",
  "decimales": "2",
  "porcentaje_variacion": "5"
},
{
  "_id": {
    "$oid": "65282607472ddcb48edef984"
  },
  "clave": "ERN",
  "descripcion": "Nakfa",
  "decimales": "2",
  "porcentaje_variacion": "5"
},
{
  "_id": {
    "$oid": "65282607472ddcb48edef985"
  },
  "clave": "ETB",
  "descripcion": "Birr etíope",
  "decimales": "2",
  "porcentaje_variacion": "5"
},
{
  "_id": {
    "$oid": "65282607472ddcb48edef986"
  },
  "clave": "EUR",
  "descripcion": "Euro",
  "decimales": "2",
  "porcentaje_variacion": "5"
},
{
  "_id": {
    "$oid": "65282607472ddcb48edef987"
  },
  "clave": "FJD",
  "descripcion": "Dólar de Fiji",
  "decimales": "2",
  "porcentaje_variacion": "5"
},
{
  "_id": {
    "$oid": "65282607472ddcb48edef988"
  },
  "clave": "FKP",
  "descripcion": "Libra malvinense",
  "decimales": "2",
  "porcentaje_variacion": "5"
},
{
  "_id": {
    "$oid": "65282607472ddcb48edef989"
  },
  "clave": "GBP",
  "descripcion": "Libra Esterlina",
  "decimales": "2",
  "porcentaje_variacion": "5"
},
{
  "_id": {
    "$oid": "65282607472ddcb48edef98a"
  },
  "clave": "GEL",
  "descripcion": "Lari",
  "decimales": "2",
  "porcentaje_variacion": "5"
},
{
  "_id": {
    "$oid": "65282607472ddcb48edef98b"
  },
  "clave": "GHS",
  "descripcion": "Cedi de Ghana",
  "decimales": "2",
  "porcentaje_variacion": "5"
},
{
  "_id": {
    "$oid": "65282607472ddcb48edef98c"
  },
  "clave": "GIP",
  "descripcion": "Libra de Gibraltar",
  "decimales": "2",
  "porcentaje_variacion": "5"
},
{
  "_id": {
    "$oid": "65282607472ddcb48edef98d"
  },
  "clave": "GMD",
  "descripcion": "Dalasi",
  "decimales": "2",
  "porcentaje_variacion": "5"
},
{
  "_id": {
    "$oid": "65282607472ddcb48edef98e"
  },
  "clave": "GNF",
  "descripcion": "Franco guineano",
  "decimales": "0",
  "porcentaje_variacion": "5"
},
{
  "_id": {
    "$oid": "65282607472ddcb48edef98f"
  },
  "clave": "GTQ",
  "descripcion": "Quetzal",
  "decimales": "2",
  "porcentaje_variacion": "5"
},
{
  "_id": {
    "$oid": "65282607472ddcb48edef990"
  },
  "clave": "GYD",
  "descripcion": "Dólar guyanés",
  "decimales": "2",
  "porcentaje_variacion": "5"
},
{
  "_id": {
    "$oid": "65282607472ddcb48edef991"
  },
  "clave": "HKD",
  "descripcion": "Dolar De Hong Kong",
  "decimales": "2",
  "porcentaje_variacion": "5"
},
{
  "_id": {
    "$oid": "65282607472ddcb48edef992"
  },
  "clave": "HNL",
  "descripcion": "Lempira",
  "decimales": "2",
  "porcentaje_variacion": "5"
},
{
  "_id": {
    "$oid": "65282607472ddcb48edef993"
  },
  "clave": "HRK",
  "descripcion": "Kuna",
  "decimales": "2",
  "porcentaje_variacion": "5"
},
{
  "_id": {
    "$oid": "65282607472ddcb48edef994"
  },
  "clave": "HTG",
  "descripcion": "Gourde",
  "decimales": "2",
  "porcentaje_variacion": "5"
},
{
  "_id": {
    "$oid": "65282607472ddcb48edef995"
  },
  "clave": "HUF",
  "descripcion": "Florín",
  "decimales": "2",
  "porcentaje_variacion": "5"
},
{
  "_id": {
    "$oid": "65282607472ddcb48edef996"
  },
  "clave": "IDR",
  "descripcion": "Rupia",
  "decimales": "2",
  "porcentaje_variacion": "5"
},
{
  "_id": {
    "$oid": "65282607472ddcb48edef997"
  },
  "clave": "ILS",
  "descripcion": "Nuevo Shekel Israelí",
  "decimales": "2",
  "porcentaje_variacion": "5"
},
{
  "_id": {
    "$oid": "65282607472ddcb48edef998"
  },
  "clave": "INR",
  "descripcion": "Rupia india",
  "decimales": "2",
  "porcentaje_variacion": "5"
},
{
  "_id": {
    "$oid": "65282607472ddcb48edef999"
  },
  "clave": "IQD",
  "descripcion": "Dinar iraquí",
  "decimales": "3",
  "porcentaje_variacion": "5"
},
{
  "_id": {
    "$oid": "65282607472ddcb48edef99a"
  },
  "clave": "IRR",
  "descripcion": "Rial iraní",
  "decimales": "2",
  "porcentaje_variacion": "5"
},
{
  "_id": {
    "$oid": "65282607472ddcb48edef99b"
  },
  "clave": "ISK",
  "descripcion": "Corona islandesa",
  "decimales": "0",
  "porcentaje_variacion": "5"
},
{
  "_id": {
    "$oid": "65282607472ddcb48edef99c"
  },
  "clave": "JMD",
  "descripcion": "Dólar Jamaiquino",
  "decimales": "2",
  "porcentaje_variacion": "5"
},
{
  "_id": {
    "$oid": "65282607472ddcb48edef99d"
  },
  "clave": "JOD",
  "descripcion": "Dinar jordano",
  "decimales": "3",
  "porcentaje_variacion": "5"
},
{
  "_id": {
    "$oid": "65282607472ddcb48edef99e"
  },
  "clave": "JPY",
  "descripcion": "Yen",
  "decimales": "0",
  "porcentaje_variacion": "5"
},
{
  "_id": {
    "$oid": "65282607472ddcb48edef99f"
  },
  "clave": "KES",
  "descripcion": "Chelín keniano",
  "decimales": "2",
  "porcentaje_variacion": "5"
},
{
  "_id": {
    "$oid": "65282607472ddcb48edef9a0"
  },
  "clave": "KGS",
  "descripcion": "Som",
  "decimales": "2",
  "porcentaje_variacion": "5"
},
{
  "_id": {
    "$oid": "65282607472ddcb48edef9a1"
  },
  "clave": "KHR",
  "descripcion": "Riel",
  "decimales": "2",
  "porcentaje_variacion": "5"
},
{
  "_id": {
    "$oid": "65282607472ddcb48edef9a2"
  },
  "clave": "KMF",
  "descripcion": "Franco Comoro",
  "decimales": "0",
  "porcentaje_variacion": "5"
},
{
  "_id": {
    "$oid": "65282607472ddcb48edef9a3"
  },
  "clave": "KPW",
  "descripcion": "Corea del Norte ganó",
  "decimales": "2",
  "porcentaje_variacion": "5"
},
{
  "_id": {
    "$oid": "65282607472ddcb48edef9a4"
  },
  "clave": "KRW",
  "descripcion": "Won",
  "decimales": "0",
  "porcentaje_variacion": "5"
},
{
  "_id": {
    "$oid": "65282607472ddcb48edef9a5"
  },
  "clave": "KWD",
  "descripcion": "Dinar kuwaití",
  "decimales": "3",
  "porcentaje_variacion": "5"
},
{
  "_id": {
    "$oid": "65282607472ddcb48edef9a6"
  },
  "clave": "KYD",
  "descripcion": "Dólar de las Islas Caimán",
  "decimales": "2",
  "porcentaje_variacion": "5"
},
{
  "_id": {
    "$oid": "65282607472ddcb48edef9a7"
  },
  "clave": "KZT",
  "descripcion": "Tenge",
  "decimales": "2",
  "porcentaje_variacion": "5"
},
{
  "_id": {
    "$oid": "65282607472ddcb48edef9a8"
  },
  "clave": "LAK",
  "descripcion": "Kip",
  "decimales": "2",
  "porcentaje_variacion": "5"
},
{
  "_id": {
    "$oid": "65282607472ddcb48edef9a9"
  },
  "clave": "LBP",
  "descripcion": "Libra libanesa",
  "decimales": "2",
  "porcentaje_variacion": "5"
},
{
  "_id": {
    "$oid": "65282607472ddcb48edef9aa"
  },
  "clave": "LKR",
  "descripcion": "Rupia de Sri Lanka",
  "decimales": "2",
  "porcentaje_variacion": "5"
},
{
  "_id": {
    "$oid": "65282607472ddcb48edef9ab"
  },
  "clave": "LRD",
  "descripcion": "Dólar liberiano",
  "decimales": "2",
  "porcentaje_variacion": "5"
},
{
  "_id": {
    "$oid": "65282607472ddcb48edef9ac"
  },
  "clave": "LSL",
  "descripcion": "Loti",
  "decimales": "2",
  "porcentaje_variacion": "5"
},
{
  "_id": {
    "$oid": "65282607472ddcb48edef9ad"
  },
  "clave": "LYD",
  "descripcion": "Dinar libio",
  "decimales": "3",
  "porcentaje_variacion": "5"
},
{
  "_id": {
    "$oid": "65282607472ddcb48edef9ae"
  },
  "clave": "MAD",
  "descripcion": "Dirham marroquí",
  "decimales": "2",
  "porcentaje_variacion": "5"
},
{
  "_id": {
    "$oid": "65282607472ddcb48edef9af"
  },
  "clave": "MDL",
  "descripcion": "Leu moldavo",
  "decimales": "2",
  "porcentaje_variacion": "5"
},
{
  "_id": {
    "$oid": "65282607472ddcb48edef9b0"
  },
  "clave": "MGA",
  "descripcion": "Ariary malgache",
  "decimales": "2",
  "porcentaje_variacion": "5"
},
{
  "_id": {
    "$oid": "65282607472ddcb48edef9b1"
  },
  "clave": "MKD",
  "descripcion": "Denar",
  "decimales": "2",
  "porcentaje_variacion": "5"
},
{
  "_id": {
    "$oid": "65282607472ddcb48edef9b2"
  },
  "clave": "MMK",
  "descripcion": "Kyat",
  "decimales": "2",
  "porcentaje_variacion": "5"
},
{
  "_id": {
    "$oid": "65282607472ddcb48edef9b3"
  },
  "clave": "MNT",
  "descripcion": "Tugrik",
  "decimales": "2",
  "porcentaje_variacion": "5"
},
{
  "_id": {
    "$oid": "65282607472ddcb48edef9b4"
  },
  "clave": "MOP",
  "descripcion": "Pataca",
  "decimales": "2",
  "porcentaje_variacion": "5"
},
{
  "_id": {
    "$oid": "65282607472ddcb48edef9b5"
  },
  "clave": "MRO",
  "descripcion": "Ouguiya",
  "decimales": "2",
  "porcentaje_variacion": "5"
},
{
  "_id": {
    "$oid": "65282607472ddcb48edef9b6"
  },
  "clave": "MUR",
  "descripcion": "Rupia de Mauricio",
  "decimales": "2",
  "porcentaje_variacion": "5"
},
{
  "_id": {
    "$oid": "65282607472ddcb48edef9b7"
  },
  "clave": "MVR",
  "descripcion": "Rupia",
  "decimales": "2",
  "porcentaje_variacion": "5"
},
{
  "_id": {
    "$oid": "65282607472ddcb48edef9b8"
  },
  "clave": "MWK",
  "descripcion": "Kwacha",
  "decimales": "2",
  "porcentaje_variacion": "5"
},
{
  "_id": {
    "$oid": "65282607472ddcb48edef9b9"
  },
  "clave": "MXN",
  "descripcion": "Peso Mexicano",
  "decimales": "2",
  "porcentaje_variacion": "5"
},
{
  "_id": {
    "$oid": "65282607472ddcb48edef9ba"
  },
  "clave": "MXV",
  "descripcion": "México Unidad de Inversión (UDI)",
  "decimales": "2",
  "porcentaje_variacion": "5"
},
{
  "_id": {
    "$oid": "65282607472ddcb48edef9bb"
  },
  "clave": "MYR",
  "descripcion": "Ringgit malayo",
  "decimales": "2",
  "porcentaje_variacion": "5"
},
{
  "_id": {
    "$oid": "65282607472ddcb48edef9bc"
  },
  "clave": "MZN",
  "descripcion": "Mozambique Metical",
  "decimales": "2",
  "porcentaje_variacion": "5"
},
{
  "_id": {
    "$oid": "65282607472ddcb48edef9bd"
  },
  "clave": "NAD",
  "descripcion": "Dólar de Namibia",
  "decimales": "2",
  "porcentaje_variacion": "5"
},
{
  "_id": {
    "$oid": "65282607472ddcb48edef9be"
  },
  "clave": "NGN",
  "descripcion": "Naira",
  "decimales": "2",
  "porcentaje_variacion": "5"
},
{
  "_id": {
    "$oid": "65282607472ddcb48edef9bf"
  },
  "clave": "NIO",
  "descripcion": "Córdoba Oro",
  "decimales": "2",
  "porcentaje_variacion": "5"
},
{
  "_id": {
    "$oid": "65282607472ddcb48edef9c0"
  },
  "clave": "NOK",
  "descripcion": "Corona noruega",
  "decimales": "2",
  "porcentaje_variacion": "5"
},
{
  "_id": {
    "$oid": "65282607472ddcb48edef9c1"
  },
  "clave": "NPR",
  "descripcion": "Rupia nepalí",
  "decimales": "2",
  "porcentaje_variacion": "5"
},
{
  "_id": {
    "$oid": "65282607472ddcb48edef9c2"
  },
  "clave": "NZD",
  "descripcion": "Dólar de Nueva Zelanda",
  "decimales": "2",
  "porcentaje_variacion": "5"
},
{
  "_id": {
    "$oid": "65282607472ddcb48edef9c3"
  },
  "clave": "OMR",
  "descripcion": "Rial omaní",
  "decimales": "3",
  "porcentaje_variacion": "5"
},
{
  "_id": {
    "$oid": "65282607472ddcb48edef9c4"
  },
  "clave": "PAB",
  "descripcion": "Balboa",
  "decimales": "2",
  "porcentaje_variacion": "5"
},
{
  "_id": {
    "$oid": "65282607472ddcb48edef9c5"
  },
  "clave": "PEN",
  "descripcion": "Nuevo Sol",
  "decimales": "2",
  "porcentaje_variacion": "5"
},
{
  "_id": {
    "$oid": "65282607472ddcb48edef9c6"
  },
  "clave": "PGK",
  "descripcion": "Kina",
  "decimales": "2",
  "porcentaje_variacion": "5"
},
{
  "_id": {
    "$oid": "65282607472ddcb48edef9c7"
  },
  "clave": "PHP",
  "descripcion": "Peso filipino",
  "decimales": "2",
  "porcentaje_variacion": "5"
},
{
  "_id": {
    "$oid": "65282607472ddcb48edef9c8"
  },
  "clave": "PKR",
  "descripcion": "Rupia de Pakistán",
  "decimales": "2",
  "porcentaje_variacion": "5"
},
{
  "_id": {
    "$oid": "65282607472ddcb48edef9c9"
  },
  "clave": "PLN",
  "descripcion": "Zloty",
  "decimales": "2",
  "porcentaje_variacion": "5"
},
{
  "_id": {
    "$oid": "65282607472ddcb48edef9ca"
  },
  "clave": "PYG",
  "descripcion": "Guaraní",
  "decimales": "0",
  "porcentaje_variacion": "5"
},
{
  "_id": {
    "$oid": "65282607472ddcb48edef9cb"
  },
  "clave": "QAR",
  "descripcion": "Qatar Rial",
  "decimales": "2",
  "porcentaje_variacion": "5"
},
{
  "_id": {
    "$oid": "65282607472ddcb48edef9cc"
  },
  "clave": "RON",
  "descripcion": "Leu rumano",
  "decimales": "2",
  "porcentaje_variacion": "5"
},
{
  "_id": {
    "$oid": "65282607472ddcb48edef9cd"
  },
  "clave": "RSD",
  "descripcion": "Dinar serbio",
  "decimales": "2",
  "porcentaje_variacion": "5"
},
{
  "_id": {
    "$oid": "65282607472ddcb48edef9ce"
  },
  "clave": "RUB",
  "descripcion": "Rublo ruso",
  "decimales": "2",
  "porcentaje_variacion": "5"
},
{
  "_id": {
    "$oid": "65282607472ddcb48edef9cf"
  },
  "clave": "RWF",
  "descripcion": "Franco ruandés",
  "decimales": "0",
  "porcentaje_variacion": "5"
},
{
  "_id": {
    "$oid": "65282607472ddcb48edef9d0"
  },
  "clave": "SAR",
  "descripcion": "Riyal saudí",
  "decimales": "2",
  "porcentaje_variacion": "5"
},
{
  "_id": {
    "$oid": "65282607472ddcb48edef9d1"
  },
  "clave": "SBD",
  "descripcion": "Dólar de las Islas Salomón",
  "decimales": "2",
  "porcentaje_variacion": "5"
},
{
  "_id": {
    "$oid": "65282607472ddcb48edef9d2"
  },
  "clave": "SCR",
  "descripcion": "Rupia de Seychelles",
  "decimales": "2",
  "porcentaje_variacion": "5"
},
{
  "_id": {
    "$oid": "65282607472ddcb48edef9d3"
  },
  "clave": "SDG",
  "descripcion": "Libra sudanesa",
  "decimales": "2",
  "porcentaje_variacion": "5"
},
{
  "_id": {
    "$oid": "65282607472ddcb48edef9d4"
  },
  "clave": "SEK",
  "descripcion": "Corona sueca",
  "decimales": "2",
  "porcentaje_variacion": "5"
},
{
  "_id": {
    "$oid": "65282607472ddcb48edef9d5"
  },
  "clave": "SGD",
  "descripcion": "Dolar De Singapur",
  "decimales": "2",
  "porcentaje_variacion": "5"
},
{
  "_id": {
    "$oid": "65282607472ddcb48edef9d6"
  },
  "clave": "SHP",
  "descripcion": "Libra de Santa Helena",
  "decimales": "2",
  "porcentaje_variacion": "5"
},
{
  "_id": {
    "$oid": "65282607472ddcb48edef9d7"
  },
  "clave": "SLL",
  "descripcion": "Leona",
  "decimales": "2",
  "porcentaje_variacion": "5"
},
{
  "_id": {
    "$oid": "65282607472ddcb48edef9d8"
  },
  "clave": "SOS",
  "descripcion": "Chelín somalí",
  "decimales": "2",
  "porcentaje_variacion": "5"
},
{
  "_id": {
    "$oid": "65282607472ddcb48edef9d9"
  },
  "clave": "SRD",
  "descripcion": "Dólar de Suriname",
  "decimales": "2",
  "porcentaje_variacion": "5"
},
{
  "_id": {
    "$oid": "65282607472ddcb48edef9da"
  },
  "clave": "SSP",
  "descripcion": "Libra sudanesa Sur",
  "decimales": "2",
  "porcentaje_variacion": "5"
},
{
  "_id": {
    "$oid": "65282607472ddcb48edef9db"
  },
  "clave": "STD",
  "descripcion": "Dobra",
  "decimales": "2",
  "porcentaje_variacion": "5"
},
{
  "_id": {
    "$oid": "65282607472ddcb48edef9dc"
  },
  "clave": "SVC",
  "descripcion": "Colon El Salvador",
  "decimales": "2",
  "porcentaje_variacion": "5"
},
{
  "_id": {
    "$oid": "65282607472ddcb48edef9dd"
  },
  "clave": "SYP",
  "descripcion": "Libra Siria",
  "decimales": "2",
  "porcentaje_variacion": "5"
},
{
  "_id": {
    "$oid": "65282607472ddcb48edef9de"
  },
  "clave": "SZL",
  "descripcion": "Lilangeni",
  "decimales": "2",
  "porcentaje_variacion": "5"
},
{
  "_id": {
    "$oid": "65282607472ddcb48edef9df"
  },
  "clave": "THB",
  "descripcion": "Baht",
  "decimales": "2",
  "porcentaje_variacion": "5"
},
{
  "_id": {
    "$oid": "65282607472ddcb48edef9e0"
  },
  "clave": "TJS",
  "descripcion": "Somoni",
  "decimales": "2",
  "porcentaje_variacion": "5"
},
{
  "_id": {
    "$oid": "65282607472ddcb48edef9e1"
  },
  "clave": "TMT",
  "descripcion": "Turkmenistán nuevo manat",
  "decimales": "2",
  "porcentaje_variacion": "5"
},
{
  "_id": {
    "$oid": "65282607472ddcb48edef9e2"
  },
  "clave": "TND",
  "descripcion": "Dinar tunecino",
  "decimales": "3",
  "porcentaje_variacion": "5"
},
{
  "_id": {
    "$oid": "65282607472ddcb48edef9e3"
  },
  "clave": "TOP",
  "descripcion": "Pa'anga",
  "decimales": "2",
  "porcentaje_variacion": "5"
},
{
  "_id": {
    "$oid": "65282607472ddcb48edef9e4"
  },
  "clave": "TRY",
  "descripcion": "Lira turca",
  "decimales": "2",
  "porcentaje_variacion": "5"
},
{
  "_id": {
    "$oid": "65282607472ddcb48edef9e5"
  },
  "clave": "TTD",
  "descripcion": "Dólar de Trinidad y Tobago",
  "decimales": "2",
  "porcentaje_variacion": "5"
},
{
  "_id": {
    "$oid": "65282607472ddcb48edef9e6"
  },
  "clave": "TWD",
  "descripcion": "Nuevo dólar de Taiwán",
  "decimales": "2",
  "porcentaje_variacion": "5"
},
{
  "_id": {
    "$oid": "65282607472ddcb48edef9e7"
  },
  "clave": "TZS",
  "descripcion": "Shilling tanzano",
  "decimales": "2",
  "porcentaje_variacion": "5"
},
{
  "_id": {
    "$oid": "65282607472ddcb48edef9e8"
  },
  "clave": "UAH",
  "descripcion": "Hryvnia",
  "decimales": "2",
  "porcentaje_variacion": "5"
},
{
  "_id": {
    "$oid": "65282607472ddcb48edef9e9"
  },
  "clave": "UGX",
  "descripcion": "Shilling de Uganda",
  "decimales": "0",
  "porcentaje_variacion": "5"
},
{
  "_id": {
    "$oid": "65282607472ddcb48edef9ea"
  },
  "clave": "USD",
  "descripcion": "Dolar americano",
  "decimales": "2",
  "porcentaje_variacion": "5"
},
{
  "_id": {
    "$oid": "65282607472ddcb48edef9eb"
  },
  "clave": "USN",
  "descripcion": "Dólar estadounidense (día siguiente)",
  "decimales": "2",
  "porcentaje_variacion": "5"
},
{
  "_id": {
    "$oid": "65282607472ddcb48edef9ec"
  },
  "clave": "UYI",
  "descripcion": "Peso Uruguay en Unidades Indexadas (URUIURUI)",
  "decimales": "0",
  "porcentaje_variacion": "5"
},
{
  "_id": {
    "$oid": "65282607472ddcb48edef9ed"
  },
  "clave": "UYU",
  "descripcion": "Peso Uruguayo",
  "decimales": "2",
  "porcentaje_variacion": "5"
},
{
  "_id": {
    "$oid": "65282607472ddcb48edef9ee"
  },
  "clave": "UZS",
  "descripcion": "Uzbekistán Sum",
  "decimales": "2",
  "porcentaje_variacion": "5"
},
{
  "_id": {
    "$oid": "65282607472ddcb48edef9ef"
  },
  "clave": "VEF",
  "descripcion": "Bolívar",
  "decimales": "2",
  "porcentaje_variacion": "5"
},
{
  "_id": {
    "$oid": "65282607472ddcb48edef9f0"
  },
  "clave": "VND",
  "descripcion": "Dong",
  "decimales": "0",
  "porcentaje_variacion": "5"
},
{
  "_id": {
    "$oid": "65282607472ddcb48edef9f1"
  },
  "clave": "VUV",
  "descripcion": "Vatu",
  "decimales": "0",
  "porcentaje_variacion": "5"
},
{
  "_id": {
    "$oid": "65282607472ddcb48edef9f2"
  },
  "clave": "WST",
  "descripcion": "Tala",
  "decimales": "2",
  "porcentaje_variacion": "5"
},
{
  "_id": {
    "$oid": "65282607472ddcb48edef9f3"
  },
  "clave": "XAF",
  "descripcion": "Franco CFA BEAC",
  "decimales": "0",
  "porcentaje_variacion": "5"
},
{
  "_id": {
    "$oid": "65282607472ddcb48edef9f4"
  },
  "clave": "XAG",
  "descripcion": "Plata",
  "decimales": "0",
  "porcentaje_variacion": "5"
},
{
  "_id": {
    "$oid": "65282607472ddcb48edef9f5"
  },
  "clave": "XAU",
  "descripcion": "Oro",
  "decimales": "0",
  "porcentaje_variacion": "5"
},
{
  "_id": {
    "$oid": "65282607472ddcb48edef9f6"
  },
  "clave": "XBA",
  "descripcion": "Unidad de Mercados de Bonos Unidad Europea Composite (EURCO)",
  "decimales": "0",
  "porcentaje_variacion": "5"
},
{
  "_id": {
    "$oid": "65282607472ddcb48edef9f7"
  },
  "clave": "XBB",
  "descripcion": "Unidad Monetaria de Bonos de Mercados Unidad Europea (UEM-6)",
  "decimales": "0",
  "porcentaje_variacion": "5"
},
{
  "_id": {
    "$oid": "65282607472ddcb48edef9f8"
  },
  "clave": "XBC",
  "descripcion": "Mercados de Bonos Unidad Europea unidad de cuenta a 9 (UCE-9)",
  "decimales": "0",
  "porcentaje_variacion": "5"
},
{
  "_id": {
    "$oid": "65282607472ddcb48edef9f9"
  },
  "clave": "XBD",
  "descripcion": "Mercados de Bonos Unidad Europea unidad de cuenta a 17 (UCE-17)",
  "decimales": "0",
  "porcentaje_variacion": "5"
},
{
  "_id": {
    "$oid": "65282607472ddcb48edef9fa"
  },
  "clave": "XCD",
  "descripcion": "Dólar del Caribe Oriental",
  "decimales": "2",
  "porcentaje_variacion": "5"
},
{
  "_id": {
    "$oid": "65282607472ddcb48edef9fb"
  },
  "clave": "XDR",
  "descripcion": "DEG (Derechos Especiales de Giro)",
  "decimales": "0",
  "porcentaje_variacion": "5"
},
{
  "_id": {
    "$oid": "65282607472ddcb48edef9fc"
  },
  "clave": "XOF",
  "descripcion": "Franco CFA BCEAO",
  "decimales": "0",
  "porcentaje_variacion": "5"
},
{
  "_id": {
    "$oid": "65282607472ddcb48edef9fd"
  },
  "clave": "XPD",
  "descripcion": "Paladio",
  "decimales": "0",
  "porcentaje_variacion": "5"
},
{
  "_id": {
    "$oid": "65282607472ddcb48edef9fe"
  },
  "clave": "XPF",
  "descripcion": "Franco CFP",
  "decimales": "0",
  "porcentaje_variacion": "5"
},
{
  "_id": {
    "$oid": "65282607472ddcb48edef9ff"
  },
  "clave": "XPT",
  "descripcion": "Platino",
  "decimales": "0",
  "porcentaje_variacion": "5"
},
{
  "_id": {
    "$oid": "65282607472ddcb48edefa00"
  },
  "clave": "XSU",
  "descripcion": "Sucre",
  "decimales": "0",
  "porcentaje_variacion": "5"
},
{
  "_id": {
    "$oid": "65282607472ddcb48edefa01"
  },
  "clave": "XTS",
  "descripcion": "Códigos reservados específicamente para propósitos de prueba",
  "decimales": "0",
  "porcentaje_variacion": ""
},
{
  "_id": {
    "$oid": "65282607472ddcb48edefa02"
  },
  "clave": "XUA",
  "descripcion": "Unidad ADB de Cuenta",
  "decimales": "0",
  "porcentaje_variacion": "5"
},
{
  "_id": {
    "$oid": "65282607472ddcb48edefa03"
  },
  "clave": "XXX",
  "descripcion": "Los códigos asignados para las transacciones en que intervenga ninguna moneda",
  "decimales": "0",
  "porcentaje_variacion": ""
},
{
  "_id": {
    "$oid": "65282607472ddcb48edefa04"
  },
  "clave": "YER",
  "descripcion": "Rial yemení",
  "decimales": "2",
  "porcentaje_variacion": "5"
},
{
  "_id": {
    "$oid": "65282607472ddcb48edefa05"
  },
  "clave": "ZAR",
  "descripcion": "Rand",
  "decimales": "2",
  "porcentaje_variacion": "5"
},
{
  "_id": {
    "$oid": "65282607472ddcb48edefa06"
  },
  "clave": "ZMW",
  "descripcion": "Kwacha zambiano",
  "decimales": "2",
  "porcentaje_variacion": "5"
},
{
  "_id": {
    "$oid": "65282607472ddcb48edefa07"
  },
  "clave": "ZWL",
  "descripcion": "Zimbabwe Dólar",
  "decimales": "2",
  "porcentaje_variacion": "5"
}]