[{
  "_id": {
    "$oid": "6594af13d806867401dee843"
  },
  "clave": "AFG",
  "descripcion": "Afganistán"
},
{
  "_id": {
    "$oid": "6594af13d806867401dee844"
  },
  "clave": "ALA",
  "descripcion": "Islas Åland"
},
{
  "_id": {
    "$oid": "6594af13d806867401dee845"
  },
  "clave": "ALB",
  "descripcion": "Albania"
},
{
  "_id": {
    "$oid": "6594af13d806867401dee846"
  },
  "clave": "DEU",
  "descripcion": "Alemania"
},
{
  "_id": {
    "$oid": "6594af13d806867401dee847"
  },
  "clave": "AND",
  "descripcion": "Andorra"
},
{
  "_id": {
    "$oid": "6594af13d806867401dee848"
  },
  "clave": "AGO",
  "descripcion": "Angola"
},
{
  "_id": {
    "$oid": "6594af13d806867401dee849"
  },
  "clave": "AIA",
  "descripcion": "Anguila"
},
{
  "_id": {
    "$oid": "6594af13d806867401dee84a"
  },
  "clave": "ATA",
  "descripcion": "Antártida"
},
{
  "_id": {
    "$oid": "6594af13d806867401dee84b"
  },
  "clave": "ATG",
  "descripcion": "Antigua y Barbuda"
},
{
  "_id": {
    "$oid": "6594af13d806867401dee84c"
  },
  "clave": "SAU",
  "descripcion": "Arabia Saudita"
},
{
  "_id": {
    "$oid": "6594af13d806867401dee84d"
  },
  "clave": "DZA",
  "descripcion": "Argelia"
},
{
  "_id": {
    "$oid": "6594af13d806867401dee84e"
  },
  "clave": "ARG",
  "descripcion": "Argentina"
},
{
  "_id": {
    "$oid": "6594af13d806867401dee84f"
  },
  "clave": "ARM",
  "descripcion": "Armenia"
},
{
  "_id": {
    "$oid": "6594af13d806867401dee850"
  },
  "clave": "ABW",
  "descripcion": "Aruba"
},
{
  "_id": {
    "$oid": "6594af13d806867401dee851"
  },
  "clave": "AUS",
  "descripcion": "Australia"
},
{
  "_id": {
    "$oid": "6594af13d806867401dee852"
  },
  "clave": "AUT",
  "descripcion": "Austria"
},
{
  "_id": {
    "$oid": "6594af13d806867401dee853"
  },
  "clave": "AZE",
  "descripcion": "Azerbaiyán"
},
{
  "_id": {
    "$oid": "6594af13d806867401dee854"
  },
  "clave": "BHS",
  "descripcion": "Bahamas (las)"
},
{
  "_id": {
    "$oid": "6594af13d806867401dee855"
  },
  "clave": "BGD",
  "descripcion": "Bangladés"
},
{
  "_id": {
    "$oid": "6594af13d806867401dee856"
  },
  "clave": "BRB",
  "descripcion": "Barbados"
},
{
  "_id": {
    "$oid": "6594af13d806867401dee857"
  },
  "clave": "BHR",
  "descripcion": "Baréin"
},
{
  "_id": {
    "$oid": "6594af13d806867401dee858"
  },
  "clave": "BEL",
  "descripcion": "Bélgica"
},
{
  "_id": {
    "$oid": "6594af13d806867401dee859"
  },
  "clave": "BLZ",
  "descripcion": "Belice"
},
{
  "_id": {
    "$oid": "6594af13d806867401dee85a"
  },
  "clave": "BEN",
  "descripcion": "Benín"
},
{
  "_id": {
    "$oid": "6594af13d806867401dee85b"
  },
  "clave": "BMU",
  "descripcion": "Bermudas"
},
{
  "_id": {
    "$oid": "6594af13d806867401dee85c"
  },
  "clave": "BLR",
  "descripcion": "Bielorrusia"
},
{
  "_id": {
    "$oid": "6594af13d806867401dee85d"
  },
  "clave": "MMR",
  "descripcion": "Myanmar"
},
{
  "_id": {
    "$oid": "6594af13d806867401dee85e"
  },
  "clave": "BOL",
  "descripcion": "Bolivia, Estado Plurinacional de"
},
{
  "_id": {
    "$oid": "6594af13d806867401dee85f"
  },
  "clave": "BIH",
  "descripcion": "Bosnia y Herzegovina"
},
{
  "_id": {
    "$oid": "6594af13d806867401dee860"
  },
  "clave": "BWA",
  "descripcion": "Botsuana"
},
{
  "_id": {
    "$oid": "6594af13d806867401dee861"
  },
  "clave": "BRA",
  "descripcion": "Brasil"
},
{
  "_id": {
    "$oid": "6594af13d806867401dee862"
  },
  "clave": "BRN",
  "descripcion": "Brunéi Darussalam"
},
{
  "_id": {
    "$oid": "6594af13d806867401dee863"
  },
  "clave": "BGR",
  "descripcion": "Bulgaria"
},
{
  "_id": {
    "$oid": "6594af13d806867401dee864"
  },
  "clave": "BFA",
  "descripcion": "Burkina Faso"
},
{
  "_id": {
    "$oid": "6594af13d806867401dee865"
  },
  "clave": "BDI",
  "descripcion": "Burundi"
},
{
  "_id": {
    "$oid": "6594af13d806867401dee866"
  },
  "clave": "BTN",
  "descripcion": "Bután"
},
{
  "_id": {
    "$oid": "6594af13d806867401dee867"
  },
  "clave": "CPV",
  "descripcion": "Cabo Verde"
},
{
  "_id": {
    "$oid": "6594af13d806867401dee868"
  },
  "clave": "KHM",
  "descripcion": "Camboya"
},
{
  "_id": {
    "$oid": "6594af13d806867401dee869"
  },
  "clave": "CMR",
  "descripcion": "Camerún"
},
{
  "_id": {
    "$oid": "6594af13d806867401dee86a"
  },
  "clave": "CAN",
  "descripcion": "Canadá"
},
{
  "_id": {
    "$oid": "6594af13d806867401dee86b"
  },
  "clave": "QAT",
  "descripcion": "Catar"
},
{
  "_id": {
    "$oid": "6594af13d806867401dee86c"
  },
  "clave": "BES",
  "descripcion": "Bonaire, San Eustaquio y Saba"
},
{
  "_id": {
    "$oid": "6594af13d806867401dee86d"
  },
  "clave": "TCD",
  "descripcion": "Chad"
},
{
  "_id": {
    "$oid": "6594af13d806867401dee86e"
  },
  "clave": "CHL",
  "descripcion": "Chile"
},
{
  "_id": {
    "$oid": "6594af13d806867401dee86f"
  },
  "clave": "CHN",
  "descripcion": "China"
},
{
  "_id": {
    "$oid": "6594af13d806867401dee870"
  },
  "clave": "CYP",
  "descripcion": "Chipre"
},
{
  "_id": {
    "$oid": "6594af13d806867401dee871"
  },
  "clave": "COL",
  "descripcion": "Colombia"
},
{
  "_id": {
    "$oid": "6594af13d806867401dee872"
  },
  "clave": "COM",
  "descripcion": "Comoras"
},
{
  "_id": {
    "$oid": "6594af13d806867401dee873"
  },
  "clave": "PRK",
  "descripcion": "Corea (la República Democrática Popular de)"
},
{
  "_id": {
    "$oid": "6594af13d806867401dee874"
  },
  "clave": "KOR",
  "descripcion": "Corea (la República de)"
},
{
  "_id": {
    "$oid": "6594af13d806867401dee875"
  },
  "clave": "CIV",
  "descripcion": "Côte d'Ivoire"
},
{
  "_id": {
    "$oid": "6594af13d806867401dee876"
  },
  "clave": "CRI",
  "descripcion": "Costa Rica"
},
{
  "_id": {
    "$oid": "6594af13d806867401dee877"
  },
  "clave": "HRV",
  "descripcion": "Croacia"
},
{
  "_id": {
    "$oid": "6594af13d806867401dee878"
  },
  "clave": "CUB",
  "descripcion": "Cuba"
},
{
  "_id": {
    "$oid": "6594af13d806867401dee879"
  },
  "clave": "CUW",
  "descripcion": "Curaçao"
},
{
  "_id": {
    "$oid": "6594af13d806867401dee87a"
  },
  "clave": "DNK",
  "descripcion": "Dinamarca"
},
{
  "_id": {
    "$oid": "6594af13d806867401dee87b"
  },
  "clave": "DMA",
  "descripcion": "Dominica"
},
{
  "_id": {
    "$oid": "6594af13d806867401dee87c"
  },
  "clave": "ECU",
  "descripcion": "Ecuador"
},
{
  "_id": {
    "$oid": "6594af13d806867401dee87d"
  },
  "clave": "EGY",
  "descripcion": "Egipto"
},
{
  "_id": {
    "$oid": "6594af13d806867401dee87e"
  },
  "clave": "SLV",
  "descripcion": "El Salvador"
},
{
  "_id": {
    "$oid": "6594af13d806867401dee87f"
  },
  "clave": "ARE",
  "descripcion": "Emiratos Árabes Unidos (Los)"
},
{
  "_id": {
    "$oid": "6594af13d806867401dee880"
  },
  "clave": "ERI",
  "descripcion": "Eritrea"
},
{
  "_id": {
    "$oid": "6594af13d806867401dee881"
  },
  "clave": "SVK",
  "descripcion": "Eslovaquia"
},
{
  "_id": {
    "$oid": "6594af13d806867401dee882"
  },
  "clave": "SVN",
  "descripcion": "Eslovenia"
},
{
  "_id": {
    "$oid": "6594af13d806867401dee883"
  },
  "clave": "ESP",
  "descripcion": "España"
},
{
  "_id": {
    "$oid": "6594af13d806867401dee884"
  },
  "clave": "USA",
  "descripcion": "Estados Unidos (los)"
},
{
  "_id": {
    "$oid": "6594af13d806867401dee885"
  },
  "clave": "EST",
  "descripcion": "Estonia"
},
{
  "_id": {
    "$oid": "6594af13d806867401dee886"
  },
  "clave": "ETH",
  "descripcion": "Etiopía"
},
{
  "_id": {
    "$oid": "6594af13d806867401dee887"
  },
  "clave": "PHL",
  "descripcion": "Filipinas (las)"
},
{
  "_id": {
    "$oid": "6594af13d806867401dee888"
  },
  "clave": "FIN",
  "descripcion": "Finlandia"
},
{
  "_id": {
    "$oid": "6594af13d806867401dee889"
  },
  "clave": "FJI",
  "descripcion": "Fiyi"
},
{
  "_id": {
    "$oid": "6594af13d806867401dee88a"
  },
  "clave": "FRA",
  "descripcion": "Francia"
},
{
  "_id": {
    "$oid": "6594af13d806867401dee88b"
  },
  "clave": "GAB",
  "descripcion": "Gabón"
},
{
  "_id": {
    "$oid": "6594af13d806867401dee88c"
  },
  "clave": "GMB",
  "descripcion": "Gambia (La)"
},
{
  "_id": {
    "$oid": "6594af13d806867401dee88d"
  },
  "clave": "GEO",
  "descripcion": "Georgia"
},
{
  "_id": {
    "$oid": "6594af13d806867401dee88e"
  },
  "clave": "GHA",
  "descripcion": "Ghana"
},
{
  "_id": {
    "$oid": "6594af13d806867401dee88f"
  },
  "clave": "GIB",
  "descripcion": "Gibraltar"
},
{
  "_id": {
    "$oid": "6594af13d806867401dee890"
  },
  "clave": "GRD",
  "descripcion": "Granada"
},
{
  "_id": {
    "$oid": "6594af13d806867401dee891"
  },
  "clave": "GRC",
  "descripcion": "Grecia"
},
{
  "_id": {
    "$oid": "6594af13d806867401dee892"
  },
  "clave": "GRL",
  "descripcion": "Groenlandia"
},
{
  "_id": {
    "$oid": "6594af13d806867401dee893"
  },
  "clave": "GLP",
  "descripcion": "Guadalupe"
},
{
  "_id": {
    "$oid": "6594af13d806867401dee894"
  },
  "clave": "GUM",
  "descripcion": "Guam"
},
{
  "_id": {
    "$oid": "6594af13d806867401dee895"
  },
  "clave": "GTM",
  "descripcion": "Guatemala"
},
{
  "_id": {
    "$oid": "6594af13d806867401dee896"
  },
  "clave": "GUF",
  "descripcion": "Guayana Francesa"
},
{
  "_id": {
    "$oid": "6594af13d806867401dee897"
  },
  "clave": "GGY",
  "descripcion": "Guernsey"
},
{
  "_id": {
    "$oid": "6594af13d806867401dee898"
  },
  "clave": "GIN",
  "descripcion": "Guinea"
},
{
  "_id": {
    "$oid": "6594af13d806867401dee899"
  },
  "clave": "GNB",
  "descripcion": "Guinea-Bisáu"
},
{
  "_id": {
    "$oid": "6594af13d806867401dee89a"
  },
  "clave": "GNQ",
  "descripcion": "Guinea Ecuatorial"
},
{
  "_id": {
    "$oid": "6594af13d806867401dee89b"
  },
  "clave": "GUY",
  "descripcion": "Guyana"
},
{
  "_id": {
    "$oid": "6594af13d806867401dee89c"
  },
  "clave": "HTI",
  "descripcion": "Haití"
},
{
  "_id": {
    "$oid": "6594af13d806867401dee89d"
  },
  "clave": "HND",
  "descripcion": "Honduras"
},
{
  "_id": {
    "$oid": "6594af13d806867401dee89e"
  },
  "clave": "HKG",
  "descripcion": "Hong Kong"
},
{
  "_id": {
    "$oid": "6594af13d806867401dee89f"
  },
  "clave": "HUN",
  "descripcion": "Hungría"
},
{
  "_id": {
    "$oid": "6594af13d806867401dee8a0"
  },
  "clave": "IND",
  "descripcion": "India"
},
{
  "_id": {
    "$oid": "6594af13d806867401dee8a1"
  },
  "clave": "IDN",
  "descripcion": "Indonesia"
},
{
  "_id": {
    "$oid": "6594af13d806867401dee8a2"
  },
  "clave": "IRQ",
  "descripcion": "Irak"
},
{
  "_id": {
    "$oid": "6594af13d806867401dee8a3"
  },
  "clave": "IRN",
  "descripcion": "Irán (la República Islámica de)"
},
{
  "_id": {
    "$oid": "6594af13d806867401dee8a4"
  },
  "clave": "IRL",
  "descripcion": "Irlanda"
},
{
  "_id": {
    "$oid": "6594af13d806867401dee8a5"
  },
  "clave": "BVT",
  "descripcion": "Isla Bouvet"
},
{
  "_id": {
    "$oid": "6594af13d806867401dee8a6"
  },
  "clave": "IMN",
  "descripcion": "Isla de Man"
},
{
  "_id": {
    "$oid": "6594af13d806867401dee8a7"
  },
  "clave": "CXR",
  "descripcion": "Isla de Navidad"
},
{
  "_id": {
    "$oid": "6594af13d806867401dee8a8"
  },
  "clave": "NFK",
  "descripcion": "Isla Norfolk"
},
{
  "_id": {
    "$oid": "6594af13d806867401dee8a9"
  },
  "clave": "ISL",
  "descripcion": "Islandia"
},
{
  "_id": {
    "$oid": "6594af13d806867401dee8aa"
  },
  "clave": "CYM",
  "descripcion": "Islas Caimán (las)"
},
{
  "_id": {
    "$oid": "6594af13d806867401dee8ab"
  },
  "clave": "CCK",
  "descripcion": "Islas Cocos (Keeling)"
},
{
  "_id": {
    "$oid": "6594af13d806867401dee8ac"
  },
  "clave": "COK",
  "descripcion": "Islas Cook (las)"
},
{
  "_id": {
    "$oid": "6594af13d806867401dee8ad"
  },
  "clave": "FRO",
  "descripcion": "Islas Feroe (las)"
},
{
  "_id": {
    "$oid": "6594af13d806867401dee8ae"
  },
  "clave": "SGS",
  "descripcion": "Georgia del sur y las islas sandwich del sur"
},
{
  "_id": {
    "$oid": "6594af13d806867401dee8af"
  },
  "clave": "HMD",
  "descripcion": "Isla Heard e Islas McDonald"
},
{
  "_id": {
    "$oid": "6594af13d806867401dee8b0"
  },
  "clave": "FLK",
  "descripcion": "Islas Malvinas [Falkland] (las)"
},
{
  "_id": {
    "$oid": "6594af13d806867401dee8b1"
  },
  "clave": "MNP",
  "descripcion": "Islas Marianas del Norte (las)"
},
{
  "_id": {
    "$oid": "6594af13d806867401dee8b2"
  },
  "clave": "MHL",
  "descripcion": "Islas Marshall (las)"
},
{
  "_id": {
    "$oid": "6594af13d806867401dee8b3"
  },
  "clave": "PCN",
  "descripcion": "Pitcairn"
},
{
  "_id": {
    "$oid": "6594af13d806867401dee8b4"
  },
  "clave": "SLB",
  "descripcion": "Islas Salomón (las)"
},
{
  "_id": {
    "$oid": "6594af13d806867401dee8b5"
  },
  "clave": "TCA",
  "descripcion": "Islas Turcas y Caicos (las)"
},
{
  "_id": {
    "$oid": "6594af13d806867401dee8b6"
  },
  "clave": "UMI",
  "descripcion": "Islas de Ultramar Menores de Estados Unidos (las)"
},
{
  "_id": {
    "$oid": "6594af13d806867401dee8b7"
  },
  "clave": "VGB",
  "descripcion": "Islas Vírgenes (Británicas)"
},
{
  "_id": {
    "$oid": "6594af13d806867401dee8b8"
  },
  "clave": "VIR",
  "descripcion": "Islas Vírgenes (EE.UU.)"
},
{
  "_id": {
    "$oid": "6594af13d806867401dee8b9"
  },
  "clave": "ISR",
  "descripcion": "Israel"
},
{
  "_id": {
    "$oid": "6594af13d806867401dee8ba"
  },
  "clave": "ITA",
  "descripcion": "Italia"
},
{
  "_id": {
    "$oid": "6594af13d806867401dee8bb"
  },
  "clave": "JAM",
  "descripcion": "Jamaica"
},
{
  "_id": {
    "$oid": "6594af13d806867401dee8bc"
  },
  "clave": "JPN",
  "descripcion": "Japón"
},
{
  "_id": {
    "$oid": "6594af13d806867401dee8bd"
  },
  "clave": "JEY",
  "descripcion": "Jersey"
},
{
  "_id": {
    "$oid": "6594af13d806867401dee8be"
  },
  "clave": "JOR",
  "descripcion": "Jordania"
},
{
  "_id": {
    "$oid": "6594af13d806867401dee8bf"
  },
  "clave": "KAZ",
  "descripcion": "Kazajistán"
},
{
  "_id": {
    "$oid": "6594af13d806867401dee8c0"
  },
  "clave": "KEN",
  "descripcion": "Kenia"
},
{
  "_id": {
    "$oid": "6594af13d806867401dee8c1"
  },
  "clave": "KGZ",
  "descripcion": "Kirguistán"
},
{
  "_id": {
    "$oid": "6594af13d806867401dee8c2"
  },
  "clave": "KIR",
  "descripcion": "Kiribati"
},
{
  "_id": {
    "$oid": "6594af13d806867401dee8c3"
  },
  "clave": "KWT",
  "descripcion": "Kuwait"
},
{
  "_id": {
    "$oid": "6594af13d806867401dee8c4"
  },
  "clave": "LAO",
  "descripcion": "Lao, (la) República Democrática Popular"
},
{
  "_id": {
    "$oid": "6594af13d806867401dee8c5"
  },
  "clave": "LSO",
  "descripcion": "Lesoto"
},
{
  "_id": {
    "$oid": "6594af13d806867401dee8c6"
  },
  "clave": "LVA",
  "descripcion": "Letonia"
},
{
  "_id": {
    "$oid": "6594af13d806867401dee8c7"
  },
  "clave": "LBN",
  "descripcion": "Líbano"
},
{
  "_id": {
    "$oid": "6594af13d806867401dee8c8"
  },
  "clave": "LBR",
  "descripcion": "Liberia"
},
{
  "_id": {
    "$oid": "6594af13d806867401dee8c9"
  },
  "clave": "LBY",
  "descripcion": "Libia"
},
{
  "_id": {
    "$oid": "6594af13d806867401dee8ca"
  },
  "clave": "LIE",
  "descripcion": "Liechtenstein"
},
{
  "_id": {
    "$oid": "6594af13d806867401dee8cb"
  },
  "clave": "LTU",
  "descripcion": "Lituania"
},
{
  "_id": {
    "$oid": "6594af13d806867401dee8cc"
  },
  "clave": "LUX",
  "descripcion": "Luxemburgo"
},
{
  "_id": {
    "$oid": "6594af13d806867401dee8cd"
  },
  "clave": "MAC",
  "descripcion": "Macao"
},
{
  "_id": {
    "$oid": "6594af13d806867401dee8ce"
  },
  "clave": "MDG",
  "descripcion": "Madagascar"
},
{
  "_id": {
    "$oid": "6594af13d806867401dee8cf"
  },
  "clave": "MYS",
  "descripcion": "Malasia"
},
{
  "_id": {
    "$oid": "6594af13d806867401dee8d0"
  },
  "clave": "MWI",
  "descripcion": "Malaui"
},
{
  "_id": {
    "$oid": "6594af13d806867401dee8d1"
  },
  "clave": "MDV",
  "descripcion": "Maldivas"
},
{
  "_id": {
    "$oid": "6594af13d806867401dee8d2"
  },
  "clave": "MLI",
  "descripcion": "Malí"
},
{
  "_id": {
    "$oid": "6594af13d806867401dee8d3"
  },
  "clave": "MLT",
  "descripcion": "Malta"
},
{
  "_id": {
    "$oid": "6594af13d806867401dee8d4"
  },
  "clave": "MAR",
  "descripcion": "Marruecos"
},
{
  "_id": {
    "$oid": "6594af13d806867401dee8d5"
  },
  "clave": "MTQ",
  "descripcion": "Martinica"
},
{
  "_id": {
    "$oid": "6594af13d806867401dee8d6"
  },
  "clave": "MUS",
  "descripcion": "Mauricio"
},
{
  "_id": {
    "$oid": "6594af13d806867401dee8d7"
  },
  "clave": "MRT",
  "descripcion": "Mauritania"
},
{
  "_id": {
    "$oid": "6594af13d806867401dee8d8"
  },
  "clave": "MYT",
  "descripcion": "Mayotte"
},
{
  "_id": {
    "$oid": "6594af13d806867401dee8d9"
  },
  "clave": "MEX",
  "descripcion": "México"
},
{
  "_id": {
    "$oid": "6594af13d806867401dee8da"
  },
  "clave": "FSM",
  "descripcion": "Micronesia (los Estados Federados de)"
},
{
  "_id": {
    "$oid": "6594af13d806867401dee8db"
  },
  "clave": "MDA",
  "descripcion": "Moldavia (la República de)"
},
{
  "_id": {
    "$oid": "6594af13d806867401dee8dc"
  },
  "clave": "MCO",
  "descripcion": "Mónaco"
},
{
  "_id": {
    "$oid": "6594af13d806867401dee8dd"
  },
  "clave": "MNG",
  "descripcion": "Mongolia"
},
{
  "_id": {
    "$oid": "6594af13d806867401dee8de"
  },
  "clave": "MNE",
  "descripcion": "Montenegro"
},
{
  "_id": {
    "$oid": "6594af13d806867401dee8df"
  },
  "clave": "MSR",
  "descripcion": "Montserrat"
},
{
  "_id": {
    "$oid": "6594af13d806867401dee8e0"
  },
  "clave": "MOZ",
  "descripcion": "Mozambique"
},
{
  "_id": {
    "$oid": "6594af13d806867401dee8e1"
  },
  "clave": "NAM",
  "descripcion": "Namibia"
},
{
  "_id": {
    "$oid": "6594af13d806867401dee8e2"
  },
  "clave": "NRU",
  "descripcion": "Nauru"
},
{
  "_id": {
    "$oid": "6594af13d806867401dee8e3"
  },
  "clave": "NPL",
  "descripcion": "Nepal"
},
{
  "_id": {
    "$oid": "6594af13d806867401dee8e4"
  },
  "clave": "NIC",
  "descripcion": "Nicaragua"
},
{
  "_id": {
    "$oid": "6594af13d806867401dee8e5"
  },
  "clave": "NER",
  "descripcion": "Níger (el)"
},
{
  "_id": {
    "$oid": "6594af13d806867401dee8e6"
  },
  "clave": "NGA",
  "descripcion": "Nigeria"
},
{
  "_id": {
    "$oid": "6594af13d806867401dee8e7"
  },
  "clave": "NIU",
  "descripcion": "Niue"
},
{
  "_id": {
    "$oid": "6594af13d806867401dee8e8"
  },
  "clave": "NOR",
  "descripcion": "Noruega"
},
{
  "_id": {
    "$oid": "6594af13d806867401dee8e9"
  },
  "clave": "NCL",
  "descripcion": "Nueva Caledonia"
},
{
  "_id": {
    "$oid": "6594af13d806867401dee8ea"
  },
  "clave": "NZL",
  "descripcion": "Nueva Zelanda"
},
{
  "_id": {
    "$oid": "6594af13d806867401dee8eb"
  },
  "clave": "OMN",
  "descripcion": "Omán"
},
{
  "_id": {
    "$oid": "6594af13d806867401dee8ec"
  },
  "clave": "NLD",
  "descripcion": "Países Bajos (los)"
},
{
  "_id": {
    "$oid": "6594af13d806867401dee8ed"
  },
  "clave": "PAK",
  "descripcion": "Pakistán"
},
{
  "_id": {
    "$oid": "6594af13d806867401dee8ee"
  },
  "clave": "PLW",
  "descripcion": "Palaos"
},
{
  "_id": {
    "$oid": "6594af13d806867401dee8ef"
  },
  "clave": "PSE",
  "descripcion": "Palestina, Estado de"
},
{
  "_id": {
    "$oid": "6594af13d806867401dee8f0"
  },
  "clave": "PAN",
  "descripcion": "Panamá"
},
{
  "_id": {
    "$oid": "6594af13d806867401dee8f1"
  },
  "clave": "PNG",
  "descripcion": "Papúa Nueva Guinea"
},
{
  "_id": {
    "$oid": "6594af13d806867401dee8f2"
  },
  "clave": "PRY",
  "descripcion": "Paraguay"
},
{
  "_id": {
    "$oid": "6594af13d806867401dee8f3"
  },
  "clave": "PER",
  "descripcion": "Perú"
},
{
  "_id": {
    "$oid": "6594af13d806867401dee8f4"
  },
  "clave": "PYF",
  "descripcion": "Polinesia Francesa"
},
{
  "_id": {
    "$oid": "6594af13d806867401dee8f5"
  },
  "clave": "POL",
  "descripcion": "Polonia"
},
{
  "_id": {
    "$oid": "6594af13d806867401dee8f6"
  },
  "clave": "PRT",
  "descripcion": "Portugal"
},
{
  "_id": {
    "$oid": "6594af13d806867401dee8f7"
  },
  "clave": "PRI",
  "descripcion": "Puerto Rico"
},
{
  "_id": {
    "$oid": "6594af13d806867401dee8f8"
  },
  "clave": "GBR",
  "descripcion": "Reino Unido (el)"
},
{
  "_id": {
    "$oid": "6594af13d806867401dee8f9"
  },
  "clave": "CAF",
  "descripcion": "República Centroafricana (la)"
},
{
  "_id": {
    "$oid": "6594af13d806867401dee8fa"
  },
  "clave": "CZE",
  "descripcion": "República Checa (la)"
},
{
  "_id": {
    "$oid": "6594af13d806867401dee8fb"
  },
  "clave": "MKD",
  "descripcion": "Macedonia (la antigua República Yugoslava de)"
},
{
  "_id": {
    "$oid": "6594af13d806867401dee8fc"
  },
  "clave": "COG",
  "descripcion": "Congo"
},
{
  "_id": {
    "$oid": "6594af13d806867401dee8fd"
  },
  "clave": "COD",
  "descripcion": "Congo (la República Democrática del)"
},
{
  "_id": {
    "$oid": "6594af13d806867401dee8fe"
  },
  "clave": "DOM",
  "descripcion": "República Dominicana (la)"
},
{
  "_id": {
    "$oid": "6594af13d806867401dee8ff"
  },
  "clave": "REU",
  "descripcion": "Reunión"
},
{
  "_id": {
    "$oid": "6594af13d806867401dee900"
  },
  "clave": "RWA",
  "descripcion": "Ruanda"
},
{
  "_id": {
    "$oid": "6594af13d806867401dee901"
  },
  "clave": "ROU",
  "descripcion": "Rumania"
},
{
  "_id": {
    "$oid": "6594af13d806867401dee902"
  },
  "clave": "RUS",
  "descripcion": "Rusia, (la) Federación de"
},
{
  "_id": {
    "$oid": "6594af13d806867401dee903"
  },
  "clave": "ESH",
  "descripcion": "Sahara Occidental"
},
{
  "_id": {
    "$oid": "6594af13d806867401dee904"
  },
  "clave": "WSM",
  "descripcion": "Samoa"
},
{
  "_id": {
    "$oid": "6594af13d806867401dee905"
  },
  "clave": "ASM",
  "descripcion": "Samoa Americana"
},
{
  "_id": {
    "$oid": "6594af13d806867401dee906"
  },
  "clave": "BLM",
  "descripcion": "San Bartolomé"
},
{
  "_id": {
    "$oid": "6594af13d806867401dee907"
  },
  "clave": "KNA",
  "descripcion": "San Cristóbal y Nieves"
},
{
  "_id": {
    "$oid": "6594af13d806867401dee908"
  },
  "clave": "SMR",
  "descripcion": "San Marino"
},
{
  "_id": {
    "$oid": "6594af13d806867401dee909"
  },
  "clave": "MAF",
  "descripcion": "San Martín (parte francesa)"
},
{
  "_id": {
    "$oid": "6594af13d806867401dee90a"
  },
  "clave": "SPM",
  "descripcion": "San Pedro y Miquelón"
},
{
  "_id": {
    "$oid": "6594af13d806867401dee90b"
  },
  "clave": "VCT",
  "descripcion": "San Vicente y las Granadinas"
},
{
  "_id": {
    "$oid": "6594af13d806867401dee90c"
  },
  "clave": "SHN",
  "descripcion": "Santa Helena, Ascensión y Tristán de Acuña"
},
{
  "_id": {
    "$oid": "6594af13d806867401dee90d"
  },
  "clave": "LCA",
  "descripcion": "Santa Lucía"
},
{
  "_id": {
    "$oid": "6594af13d806867401dee90e"
  },
  "clave": "STP",
  "descripcion": "Santo Tomé y Príncipe"
},
{
  "_id": {
    "$oid": "6594af13d806867401dee90f"
  },
  "clave": "SEN",
  "descripcion": "Senegal"
},
{
  "_id": {
    "$oid": "6594af13d806867401dee910"
  },
  "clave": "SRB",
  "descripcion": "Serbia"
},
{
  "_id": {
    "$oid": "6594af13d806867401dee911"
  },
  "clave": "SYC",
  "descripcion": "Seychelles"
},
{
  "_id": {
    "$oid": "6594af13d806867401dee912"
  },
  "clave": "SLE",
  "descripcion": "Sierra leona"
},
{
  "_id": {
    "$oid": "6594af13d806867401dee913"
  },
  "clave": "SGP",
  "descripcion": "Singapur"
},
{
  "_id": {
    "$oid": "6594af13d806867401dee914"
  },
  "clave": "SXM",
  "descripcion": "Sint Maarten (parte holandesa)"
},
{
  "_id": {
    "$oid": "6594af13d806867401dee915"
  },
  "clave": "SYR",
  "descripcion": "Siria, (la) República Árabe"
},
{
  "_id": {
    "$oid": "6594af13d806867401dee916"
  },
  "clave": "SOM",
  "descripcion": "Somalia"
},
{
  "_id": {
    "$oid": "6594af13d806867401dee917"
  },
  "clave": "LKA",
  "descripcion": "Sri Lanka"
},
{
  "_id": {
    "$oid": "6594af13d806867401dee918"
  },
  "clave": "SWZ",
  "descripcion": "Suazilandia"
},
{
  "_id": {
    "$oid": "6594af13d806867401dee919"
  },
  "clave": "ZAF",
  "descripcion": "Sudáfrica"
},
{
  "_id": {
    "$oid": "6594af13d806867401dee91a"
  },
  "clave": "SDN",
  "descripcion": "Sudán (el)"
},
{
  "_id": {
    "$oid": "6594af13d806867401dee91b"
  },
  "clave": "SSD",
  "descripcion": "Sudán del Sur"
},
{
  "_id": {
    "$oid": "6594af13d806867401dee91c"
  },
  "clave": "SWE",
  "descripcion": "Suecia"
},
{
  "_id": {
    "$oid": "6594af13d806867401dee91d"
  },
  "clave": "CHE",
  "descripcion": "Suiza"
},
{
  "_id": {
    "$oid": "6594af13d806867401dee91e"
  },
  "clave": "SUR",
  "descripcion": "Surinam"
},
{
  "_id": {
    "$oid": "6594af13d806867401dee91f"
  },
  "clave": "SJM",
  "descripcion": "Svalbard y Jan Mayen"
},
{
  "_id": {
    "$oid": "6594af13d806867401dee920"
  },
  "clave": "THA",
  "descripcion": "Tailandia"
},
{
  "_id": {
    "$oid": "6594af13d806867401dee921"
  },
  "clave": "TWN",
  "descripcion": "Taiwán (Provincia de China)"
},
{
  "_id": {
    "$oid": "6594af13d806867401dee922"
  },
  "clave": "TZA",
  "descripcion": "Tanzania, República Unida de"
},
{
  "_id": {
    "$oid": "6594af13d806867401dee923"
  },
  "clave": "TJK",
  "descripcion": "Tayikistán"
},
{
  "_id": {
    "$oid": "6594af13d806867401dee924"
  },
  "clave": "IOT",
  "descripcion": "Territorio Británico del Océano Índico (el)"
},
{
  "_id": {
    "$oid": "6594af13d806867401dee925"
  },
  "clave": "ATF",
  "descripcion": "Territorios Australes Franceses (los)"
},
{
  "_id": {
    "$oid": "6594af13d806867401dee926"
  },
  "clave": "TLS",
  "descripcion": "Timor-Leste"
},
{
  "_id": {
    "$oid": "6594af13d806867401dee927"
  },
  "clave": "TGO",
  "descripcion": "Togo"
},
{
  "_id": {
    "$oid": "6594af13d806867401dee928"
  },
  "clave": "TKL",
  "descripcion": "Tokelau"
},
{
  "_id": {
    "$oid": "6594af13d806867401dee929"
  },
  "clave": "TON",
  "descripcion": "Tonga"
},
{
  "_id": {
    "$oid": "6594af13d806867401dee92a"
  },
  "clave": "TTO",
  "descripcion": "Trinidad y Tobago"
},
{
  "_id": {
    "$oid": "6594af13d806867401dee92b"
  },
  "clave": "TUN",
  "descripcion": "Túnez"
},
{
  "_id": {
    "$oid": "6594af13d806867401dee92c"
  },
  "clave": "TKM",
  "descripcion": "Turkmenistán"
},
{
  "_id": {
    "$oid": "6594af13d806867401dee92d"
  },
  "clave": "TUR",
  "descripcion": "Turquía"
},
{
  "_id": {
    "$oid": "6594af13d806867401dee92e"
  },
  "clave": "TUV",
  "descripcion": "Tuvalu"
},
{
  "_id": {
    "$oid": "6594af13d806867401dee92f"
  },
  "clave": "UKR",
  "descripcion": "Ucrania"
},
{
  "_id": {
    "$oid": "6594af13d806867401dee930"
  },
  "clave": "UGA",
  "descripcion": "Uganda"
},
{
  "_id": {
    "$oid": "6594af13d806867401dee931"
  },
  "clave": "URY",
  "descripcion": "Uruguay"
},
{
  "_id": {
    "$oid": "6594af13d806867401dee932"
  },
  "clave": "UZB",
  "descripcion": "Uzbekistán"
},
{
  "_id": {
    "$oid": "6594af13d806867401dee933"
  },
  "clave": "VUT",
  "descripcion": "Vanuatu"
},
{
  "_id": {
    "$oid": "6594af13d806867401dee934"
  },
  "clave": "VAT",
  "descripcion": "Santa Sede[Estado de la Ciudad del Vaticano] (la)"
},
{
  "_id": {
    "$oid": "6594af13d806867401dee935"
  },
  "clave": "VEN",
  "descripcion": "Venezuela, República Bolivariana de"
},
{
  "_id": {
    "$oid": "6594af13d806867401dee936"
  },
  "clave": "VNM",
  "descripcion": "Viet Nam"
},
{
  "_id": {
    "$oid": "6594af13d806867401dee937"
  },
  "clave": "WLF",
  "descripcion": "Wallis y Futuna"
},
{
  "_id": {
    "$oid": "6594af13d806867401dee938"
  },
  "clave": "YEM",
  "descripcion": "Yemen"
},
{
  "_id": {
    "$oid": "6594af13d806867401dee939"
  },
  "clave": "DJI",
  "descripcion": "Yibuti"
},
{
  "_id": {
    "$oid": "6594af13d806867401dee93a"
  },
  "clave": "ZMB",
  "descripcion": "Zambia"
},
{
  "_id": {
    "$oid": "6594af13d806867401dee93b"
  },
  "clave": "ZWE",
  "descripcion": "Zimbabue"
},
{
  "_id": {
    "$oid": "6594af13d806867401dee93c"
  },
  "clave": "ZZZ",
  "descripcion": "Países no declarados"
}]