[{
  "_id": {
    "$oid": "65949dd1d806867401dafbe1"
  },
  "clave": "PT01",
  "descripcion": "Camión unitario"
},
{
  "_id": {
    "$oid": "65949dd1d806867401dafbe2"
  },
  "clave": "PT02",
  "descripcion": "Camión"
},
{
  "_id": {
    "$oid": "65949dd1d806867401dafbe3"
  },
  "clave": "PT03",
  "descripcion": "Tractocamión"
},
{
  "_id": {
    "$oid": "65949dd1d806867401dafbe4"
  },
  "clave": "PT04",
  "descripcion": "Remolque"
},
{
  "_id": {
    "$oid": "65949dd1d806867401dafbe5"
  },
  "clave": "PT05",
  "descripcion": "Semirremolque"
},
{
  "_id": {
    "$oid": "65949dd1d806867401dafbe6"
  },
  "clave": "PT06",
  "descripcion": "Vehículo ligero de carga"
},
{
  "_id": {
    "$oid": "65949dd1d806867401dafbe7"
  },
  "clave": "PT07",
  "descripcion": "Grúa"
},
{
  "_id": {
    "$oid": "65949dd1d806867401dafbe8"
  },
  "clave": "PT08",
  "descripcion": "Aeronave"
},
{
  "_id": {
    "$oid": "65949dd1d806867401dafbe9"
  },
  "clave": "PT09",
  "descripcion": "Barco o buque"
},
{
  "_id": {
    "$oid": "65949dd1d806867401dafbea"
  },
  "clave": "PT10",
  "descripcion": "Carro o vagón"
},
{
  "_id": {
    "$oid": "65949dd1d806867401dafbeb"
  },
  "clave": "PT11",
  "descripcion": "Contenedor"
},
{
  "_id": {
    "$oid": "65949dd1d806867401dafbec"
  },
  "clave": "PT12",
  "descripcion": "Locomotora"
}]