[{
  "_id": {
    "$oid": "6595be1ad806867401dee982"
  },
  "clave": "01",
  "descripcion": "Diario"
},
{
  "_id": {
    "$oid": "6595be1ad806867401dee983"
  },
  "clave": "02",
  "descripcion": "Semanal"
},
{
  "_id": {
    "$oid": "6595be1ad806867401dee984"
  },
  "clave": "03",
  "descripcion": "Catorcenal"
},
{
  "_id": {
    "$oid": "6595be1ad806867401dee985"
  },
  "clave": "04",
  "descripcion": "Quincelanl"
},
{
  "_id": {
    "$oid": "6595be1ad806867401dee986"
  },
  "clave": "05",
  "descripcion": "Mensual"
},
{
  "_id": {
    "$oid": "66312726fb9a90ffc4eeb9b7"
  },
  "clave": "06",
  "descripcion": "Bimestral"
},
{
  "_id": {
    "$oid": "66312779fb9a90ffc4eeb9b8"
  },
  "clave": "07",
  "descripcion": "Unidad obra"
},
{
  "_id": {
    "$oid": "6631278afb9a90ffc4eeb9b9"
  },
  "clave": "08",
  "descripcion": "Comisión"
},
{
  "_id": {
    "$oid": "6631279afb9a90ffc4eeb9ba"
  },
  "clave": "09",
  "descripcion": "Precio alzado"
},
{
  "_id": {
    "$oid": "663127a7fb9a90ffc4eeb9bb"
  },
  "clave": "10",
  "descripcion": "Decenal"
},
{
  "_id": {
    "$oid": "663127b5fb9a90ffc4eeb9bc"
  },
  "clave": "99",
  "descripcion": "Otra Periodicidad"
}]