[{
  "_id": {
    "$oid": "654d08b90175e2c7a6f288b0"
  },
  "clave": "601",
  "descripcion": "General de Ley Personas Morales",
  "fisica": "No",
  "moral": "Sí"
},
{
  "_id": {
    "$oid": "654d08b90175e2c7a6f288b2"
  },
  "clave": "603",
  "descripcion": "Personas Morales con Fines no Lucrativos",
  "fisica": "No",
  "moral": "Sí"
},
{
  "_id": {
    "$oid": "654d08b90175e2c7a6f288b4"
  },
  "clave": "605",
  "descripcion": "Sueldos y Salarios e Ingresos Asimilados a Salarios",
  "fisica": "Sí",
  "moral": "No"
},
{
  "_id": {
    "$oid": "654d08b90175e2c7a6f288b6"
  },
  "clave": "606",
  "descripcion": "Arrendamiento",
  "fisica": "Sí",
  "moral": "No"
},
{
  "_id": {
    "$oid": "654d08b90175e2c7a6f288b8"
  },
  "clave": "608",
  "descripcion": "Demás ingresos",
  "fisica": "Sí",
  "moral": "No"
},
{
  "_id": {
    "$oid": "654d08b90175e2c7a6f288ba"
  },
  "clave": "609",
  "descripcion": "Consolidación",
  "fisica": "No",
  "moral": "Sí"
},
{
  "_id": {
    "$oid": "654d08b90175e2c7a6f288bc"
  },
  "clave": "610",
  "descripcion": "Residentes en el Extranjero sin Establecimiento Permanente en México",
  "fisica": "Sí",
  "moral": "Sí"
},
{
  "_id": {
    "$oid": "654d08b90175e2c7a6f288be"
  },
  "clave": "611",
  "descripcion": "Ingresos por Dividendos (socios y accionistas)",
  "fisica": "Sí",
  "moral": "No"
},
{
  "_id": {
    "$oid": "654d08b90175e2c7a6f288c0"
  },
  "clave": "612",
  "descripcion": "Personas Físicas con Actividades Empresariales y Profesionales",
  "fisica": "Sí",
  "moral": "No"
},
{
  "_id": {
    "$oid": "654d08b90175e2c7a6f288c2"
  },
  "clave": "614",
  "descripcion": "Ingresos por intereses",
  "fisica": "Sí",
  "moral": "No"
},
{
  "_id": {
    "$oid": "654d08b90175e2c7a6f288c4"
  },
  "clave": "616",
  "descripcion": "Sin obligaciones fiscales",
  "fisica": "Sí",
  "moral": "No"
},
{
  "_id": {
    "$oid": "654d08b90175e2c7a6f288c6"
  },
  "clave": "620",
  "descripcion": "Sociedades Cooperativas de Producción que optan por diferir sus ingresos",
  "fisica": "No",
  "moral": "Sí"
},
{
  "_id": {
    "$oid": "654d08b90175e2c7a6f288c8"
  },
  "clave": "621",
  "descripcion": "Incorporación Fiscal",
  "fisica": "Sí",
  "moral": "No"
},
{
  "_id": {
    "$oid": "654d08b90175e2c7a6f288ca"
  },
  "clave": "622",
  "descripcion": "Actividades Agrícolas, Ganaderas, Silvícolas y Pesqueras",
  "fisica": "No",
  "moral": "Sí"
},
{
  "_id": {
    "$oid": "654d08b90175e2c7a6f288cc"
  },
  "clave": "623",
  "descripcion": "Opcional para Grupos de Sociedades",
  "fisica": "No",
  "moral": "Sí"
},
{
  "_id": {
    "$oid": "654d08b90175e2c7a6f288ce"
  },
  "clave": "624",
  "descripcion": "Coordinados",
  "fisica": "No",
  "moral": "Sí"
},
{
  "_id": {
    "$oid": "654d08b90175e2c7a6f288d0"
  },
  "clave": "628",
  "descripcion": "Hidrocarburos",
  "fisica": "No",
  "moral": "Sí"
},
{
  "_id": {
    "$oid": "654d08b90175e2c7a6f288d2"
  },
  "clave": "607",
  "descripcion": "Régimen de Enajenación o Adquisición de Bienes",
  "fisica": "Sí",
  "moral": "No"
},
{
  "_id": {
    "$oid": "654d08b90175e2c7a6f288d4"
  },
  "clave": "629",
  "descripcion": "De los Regímenes Fiscales Preferentes y de las Empresas Multinacionales",
  "fisica": "Sí",
  "moral": "No"
},
{
  "_id": {
    "$oid": "654d08b90175e2c7a6f288d6"
  },
  "clave": "630",
  "descripcion": "Enajenación de acciones en bolsa de valores",
  "fisica": "Sí",
  "moral": "No"
},
{
  "_id": {
    "$oid": "654d08b90175e2c7a6f288d8"
  },
  "clave": "615",
  "descripcion": "Régimen de los ingresos por obtención de premios",
  "fisica": "Sí",
  "moral": "No"
},
{
  "_id": {
    "$oid": "654d08b90175e2c7a6f288da"
  },
  "clave": "625",
  "descripcion": "Régimen de las Actividades Empresariales con ingresos a través de Plataformas Tecnológicas",
  "fisica": "Sí",
  "moral": "No"
},
{
  "_id": {
    "$oid": "654d08b90175e2c7a6f288dc"
  },
  "clave": "626",
  "descripcion": "Régimen Simplificado de Confianza",
  "fisica": "Sí",
  "moral": "Sí"
}]