[{
  "_id": {
    "$oid": "661eb93de3b92cc1a47b7e61"
  },
  "clave": "1",
  "descripcion": "Clase I"
},
{
  "_id": {
    "$oid": "661eb98ae3b92cc1a47b7e62"
  },
  "clave": "2",
  "descripcion": "Clase II"
},
{
  "_id": {
    "$oid": "661eb993e3b92cc1a47b7e63"
  },
  "clave": "3",
  "descripcion": "Clase III"
},
{
  "_id": {
    "$oid": "661eb9a1e3b92cc1a47b7e64"
  },
  "clave": "4",
  "descripcion": "Clase IV"
},
{
  "_id": {
    "$oid": "661eb9a9e3b92cc1a47b7e65"
  },
  "clave": "5",
  "descripcion": "Clase V"
},
{
  "_id": {
    "$oid": "661eb9b7e3b92cc1a47b7e66"
  },
  "clave": "99",
  "descripcion": "No aplica"
}]