[{
  "_id": {
    "$oid": "65949cced806867401dafbb8"
  },
  "clave": "CTR001",
  "descripcion": "Caballete"
},
{
  "_id": {
    "$oid": "65949cced806867401dafbb9"
  },
  "clave": "CTR002",
  "descripcion": "Caja"
},
{
  "_id": {
    "$oid": "65949cced806867401dafbba"
  },
  "clave": "CTR003",
  "descripcion": "Caja Abierta"
},
{
  "_id": {
    "$oid": "65949cced806867401dafbbb"
  },
  "clave": "CTR004",
  "descripcion": "Caja Cerrada"
},
{
  "_id": {
    "$oid": "65949cced806867401dafbbc"
  },
  "clave": "CTR005",
  "descripcion": "Caja De Recolección Con Cargador Frontal"
},
{
  "_id": {
    "$oid": "65949cced806867401dafbbd"
  },
  "clave": "CTR006",
  "descripcion": "Caja Refrigerada"
},
{
  "_id": {
    "$oid": "65949cced806867401dafbbe"
  },
  "clave": "CTR007",
  "descripcion": "Caja Seca"
},
{
  "_id": {
    "$oid": "65949cced806867401dafbbf"
  },
  "clave": "CTR008",
  "descripcion": "Caja Transferencia"
},
{
  "_id": {
    "$oid": "65949cced806867401dafbc0"
  },
  "clave": "CTR009",
  "descripcion": "Cama Baja o Cuello Ganso"
},
{
  "_id": {
    "$oid": "65949cced806867401dafbc1"
  },
  "clave": "CTR010",
  "descripcion": "Chasis Portacontenedor"
},
{
  "_id": {
    "$oid": "65949cced806867401dafbc2"
  },
  "clave": "CTR011",
  "descripcion": "Convencional De Chasis"
},
{
  "_id": {
    "$oid": "65949cced806867401dafbc3"
  },
  "clave": "CTR012",
  "descripcion": "Equipo Especial"
},
{
  "_id": {
    "$oid": "65949cced806867401dafbc4"
  },
  "clave": "CTR013",
  "descripcion": "Estacas"
},
{
  "_id": {
    "$oid": "65949cced806867401dafbc5"
  },
  "clave": "CTR014",
  "descripcion": "Góndola Madrina"
},
{
  "_id": {
    "$oid": "65949cced806867401dafbc6"
  },
  "clave": "CTR015",
  "descripcion": "Grúa Industrial"
},
{
  "_id": {
    "$oid": "65949cced806867401dafbc7"
  },
  "clave": "CTR016",
  "descripcion": "Grúa "
},
{
  "_id": {
    "$oid": "65949cced806867401dafbc8"
  },
  "clave": "CTR017",
  "descripcion": "Integral"
},
{
  "_id": {
    "$oid": "65949cced806867401dafbc9"
  },
  "clave": "CTR018",
  "descripcion": "Jaula"
},
{
  "_id": {
    "$oid": "65949cced806867401dafbca"
  },
  "clave": "CTR019",
  "descripcion": "Media Redila"
},
{
  "_id": {
    "$oid": "65949cced806867401dafbcb"
  },
  "clave": "CTR020",
  "descripcion": "Pallet o Celdillas"
},
{
  "_id": {
    "$oid": "65949cced806867401dafbcc"
  },
  "clave": "CTR021",
  "descripcion": "Plataforma"
},
{
  "_id": {
    "$oid": "65949cced806867401dafbcd"
  },
  "clave": "CTR022",
  "descripcion": "Plataforma Con Grúa"
},
{
  "_id": {
    "$oid": "65949cced806867401dafbce"
  },
  "clave": "CTR023",
  "descripcion": "Plataforma Encortinada"
},
{
  "_id": {
    "$oid": "65949cced806867401dafbcf"
  },
  "clave": "CTR024",
  "descripcion": "Redilas"
},
{
  "_id": {
    "$oid": "65949cced806867401dafbd0"
  },
  "clave": "CTR025",
  "descripcion": "Refrigerador"
},
{
  "_id": {
    "$oid": "65949cced806867401dafbd1"
  },
  "clave": "CTR026",
  "descripcion": "Revolvedora"
},
{
  "_id": {
    "$oid": "65949cced806867401dafbd2"
  },
  "clave": "CTR027",
  "descripcion": "Semicaja"
},
{
  "_id": {
    "$oid": "65949cced806867401dafbd3"
  },
  "clave": "CTR028",
  "descripcion": "Tanque"
},
{
  "_id": {
    "$oid": "65949cced806867401dafbd4"
  },
  "clave": "CTR029",
  "descripcion": "Tolva"
},
{
  "_id": {
    "$oid": "65949cced806867401dafbd5"
  },
  "clave": "CTR031",
  "descripcion": "Volteo"
},
{
  "_id": {
    "$oid": "65949cced806867401dafbd6"
  },
  "clave": "CTR032",
  "descripcion": "Volteo Desmontable"
}]