[{
  "_id": {
    "$oid": "661ebb59e3b92cc1a47b7f04"
  },
  "clave": "001",
  "descripcion": "Sueldos, Salarios  Rayas y Jornales"
},
{
  "_id": {
    "$oid": "661ebb59e3b92cc1a47b7f05"
  },
  "clave": "002",
  "descripcion": "Gratificación Anual (Aguinaldo)"
},
{
  "_id": {
    "$oid": "661ebb59e3b92cc1a47b7f06"
  },
  "clave": "003",
  "descripcion": "Participación de los Trabajadores en las Utilidades PTU"
},
{
  "_id": {
    "$oid": "661ebb59e3b92cc1a47b7f07"
  },
  "clave": "004",
  "descripcion": "Reembolso de Gastos Médicos Dentales y Hospitalarios"
},
{
  "_id": {
    "$oid": "661ebb59e3b92cc1a47b7f08"
  },
  "clave": "005",
  "descripcion": "Fondo de Ahorro"
},
{
  "_id": {
    "$oid": "661ebb59e3b92cc1a47b7f09"
  },
  "clave": "006",
  "descripcion": "Caja de ahorro"
},
{
  "_id": {
    "$oid": "661ebb59e3b92cc1a47b7f0a"
  },
  "clave": "009",
  "descripcion": "Contribuciones a Cargo del Trabajador Pagadas por el Patrón"
},
{
  "_id": {
    "$oid": "661ebb59e3b92cc1a47b7f0b"
  },
  "clave": "010",
  "descripcion": "Premios por puntualidad"
},
{
  "_id": {
    "$oid": "661ebb59e3b92cc1a47b7f0c"
  },
  "clave": "011",
  "descripcion": "Prima de Seguro de vida"
},
{
  "_id": {
    "$oid": "661ebb59e3b92cc1a47b7f0d"
  },
  "clave": "012",
  "descripcion": "Seguro de Gastos Médicos Mayores"
},
{
  "_id": {
    "$oid": "661ebb59e3b92cc1a47b7f0e"
  },
  "clave": "013",
  "descripcion": "Cuotas Sindicales Pagadas por el Patrón"
},
{
  "_id": {
    "$oid": "661ebb59e3b92cc1a47b7f0f"
  },
  "clave": "014",
  "descripcion": "Subsidios por incapacidad"
},
{
  "_id": {
    "$oid": "661ebb59e3b92cc1a47b7f10"
  },
  "clave": "015",
  "descripcion": "Becas para trabajadores y/o hijos"
},
{
  "_id": {
    "$oid": "661ebb59e3b92cc1a47b7f11"
  },
  "clave": "019",
  "descripcion": "Horas extra"
},
{
  "_id": {
    "$oid": "661ebb59e3b92cc1a47b7f12"
  },
  "clave": "020",
  "descripcion": "Prima dominical"
},
{
  "_id": {
    "$oid": "661ebb59e3b92cc1a47b7f13"
  },
  "clave": "021",
  "descripcion": "Prima vacacional"
},
{
  "_id": {
    "$oid": "661ebb59e3b92cc1a47b7f14"
  },
  "clave": "022",
  "descripcion": "Prima por antigüedad"
},
{
  "_id": {
    "$oid": "661ebb59e3b92cc1a47b7f15"
  },
  "clave": "023",
  "descripcion": "Pagos por separación"
},
{
  "_id": {
    "$oid": "661ebb59e3b92cc1a47b7f16"
  },
  "clave": "024",
  "descripcion": "Seguro de retiro"
},
{
  "_id": {
    "$oid": "661ebb59e3b92cc1a47b7f17"
  },
  "clave": "025",
  "descripcion": "Indemnizaciones"
},
{
  "_id": {
    "$oid": "661ebb59e3b92cc1a47b7f18"
  },
  "clave": "026",
  "descripcion": "Reembolso por funeral"
},
{
  "_id": {
    "$oid": "661ebb59e3b92cc1a47b7f19"
  },
  "clave": "027",
  "descripcion": "Cuotas de seguridad social pagadas por el patrón"
},
{
  "_id": {
    "$oid": "661ebb59e3b92cc1a47b7f1a"
  },
  "clave": "028",
  "descripcion": "Comisiones"
},
{
  "_id": {
    "$oid": "661ebb59e3b92cc1a47b7f1b"
  },
  "clave": "029",
  "descripcion": "Vales de despensa"
},
{
  "_id": {
    "$oid": "661ebb59e3b92cc1a47b7f1c"
  },
  "clave": "030",
  "descripcion": "Vales de restaurante"
},
{
  "_id": {
    "$oid": "661ebb59e3b92cc1a47b7f1d"
  },
  "clave": "031",
  "descripcion": "Vales de gasolina"
},
{
  "_id": {
    "$oid": "661ebb59e3b92cc1a47b7f1e"
  },
  "clave": "032",
  "descripcion": "Vales de ropa"
},
{
  "_id": {
    "$oid": "661ebb59e3b92cc1a47b7f1f"
  },
  "clave": "033",
  "descripcion": "Ayuda para renta"
},
{
  "_id": {
    "$oid": "661ebb59e3b92cc1a47b7f20"
  },
  "clave": "034",
  "descripcion": "Ayuda para artículos escolares"
},
{
  "_id": {
    "$oid": "661ebb59e3b92cc1a47b7f21"
  },
  "clave": "035",
  "descripcion": "Ayuda para anteojos"
},
{
  "_id": {
    "$oid": "661ebb59e3b92cc1a47b7f22"
  },
  "clave": "036",
  "descripcion": "Ayuda para transporte"
},
{
  "_id": {
    "$oid": "661ebb59e3b92cc1a47b7f23"
  },
  "clave": "037",
  "descripcion": "Ayuda para gastos de funeral"
},
{
  "_id": {
    "$oid": "661ebb59e3b92cc1a47b7f24"
  },
  "clave": "038",
  "descripcion": "Otros ingresos por salarios"
},
{
  "_id": {
    "$oid": "661ebb59e3b92cc1a47b7f25"
  },
  "clave": "039",
  "descripcion": "Jubilaciones, pensiones o haberes de retiro"
},
{
  "_id": {
    "$oid": "661ebb59e3b92cc1a47b7f26"
  },
  "clave": "044",
  "descripcion": "Jubilaciones, pensiones o haberes de retiro en parcialidades"
},
{
  "_id": {
    "$oid": "661ebb59e3b92cc1a47b7f27"
  },
  "clave": "045",
  "descripcion": "Ingresos en acciones o títulos valor que representan bienes"
},
{
  "_id": {
    "$oid": "661ebb59e3b92cc1a47b7f28"
  },
  "clave": "046",
  "descripcion": "Ingresos asimilados a salarios"
},
{
  "_id": {
    "$oid": "661ebb59e3b92cc1a47b7f29"
  },
  "clave": "047",
  "descripcion": "Alimentación diferentes a los establecidos en el Art 94 último párrafo LISR"
},
{
  "_id": {
    "$oid": "661ebb59e3b92cc1a47b7f2a"
  },
  "clave": "048",
  "descripcion": "Habitación"
},
{
  "_id": {
    "$oid": "661ebb59e3b92cc1a47b7f2b"
  },
  "clave": "049",
  "descripcion": "Premios por asistencia"
},
{
  "_id": {
    "$oid": "661ebb59e3b92cc1a47b7f2c"
  },
  "clave": "050",
  "descripcion": "Viáticos"
},
{
  "_id": {
    "$oid": "661ebb59e3b92cc1a47b7f2d"
  },
  "clave": "051",
  "descripcion": "Pagos por gratificaciones, primas, compensaciones, recompensas u otros a extrabajadores derivados de jubilación en parcialidades"
},
{
  "_id": {
    "$oid": "661ebb59e3b92cc1a47b7f2e"
  },
  "clave": "052",
  "descripcion": "Pagos que se realicen a extrabajadores que obtengan una jubilación en parcialidades derivados de la ejecución de resoluciones judicial o de un laudo"
},
{
  "_id": {
    "$oid": "661ebb59e3b92cc1a47b7f2f"
  },
  "clave": "053",
  "descripcion": "Pagos que se realicen a extrabajadores que obtengan una jubilación en una sola exhibición derivados de la ejecución de resoluciones judicial o de un laudo"
}]