[{
  "_id": {
    "$oid": "661ebb8fe3b92cc1a47b7f31"
  },
  "clave": "02",
  "descripcion": "Sueldos (Incluye ingresos señalados en la fracción I del artículo 94 de LISR)"
},
{
  "_id": {
    "$oid": "661ebb8fe3b92cc1a47b7f32"
  },
  "clave": "03",
  "descripcion": "Jubilados"
},
{
  "_id": {
    "$oid": "661ebb8fe3b92cc1a47b7f33"
  },
  "clave": "04",
  "descripcion": "Pensionados"
},
{
  "_id": {
    "$oid": "661ebb8fe3b92cc1a47b7f34"
  },
  "clave": "05",
  "descripcion": "Asimilados Miembros Sociedades Cooperativas Produccion"
},
{
  "_id": {
    "$oid": "661ebb8fe3b92cc1a47b7f35"
  },
  "clave": "06",
  "descripcion": "Asimilados Integrantes Sociedades Asociaciones Civiles"
},
{
  "_id": {
    "$oid": "661ebb8fe3b92cc1a47b7f36"
  },
  "clave": "07",
  "descripcion": "Asimilados Miembros consejos"
},
{
  "_id": {
    "$oid": "661ebb8fe3b92cc1a47b7f37"
  },
  "clave": "08",
  "descripcion": "Asimilados comisionistas"
},
{
  "_id": {
    "$oid": "661ebb8fe3b92cc1a47b7f38"
  },
  "clave": "09",
  "descripcion": "Asimilados Honorarios"
},
{
  "_id": {
    "$oid": "661ebb8fe3b92cc1a47b7f39"
  },
  "clave": "10",
  "descripcion": "Asimilados acciones"
},
{
  "_id": {
    "$oid": "661ebb8fe3b92cc1a47b7f3a"
  },
  "clave": "11",
  "descripcion": "Asimilados otros"
},
{
  "_id": {
    "$oid": "661ebb8fe3b92cc1a47b7f3b"
  },
  "clave": "12",
  "descripcion": "Jubilados o Pensionados"
},
{
  "_id": {
    "$oid": "661ebb8fe3b92cc1a47b7f3c"
  },
  "clave": "13",
  "descripcion": "Indemnización o Separación"
},
{
  "_id": {
    "$oid": "661ebb8fe3b92cc1a47b7f3d"
  },
  "clave": "99",
  "descripcion": "Otro Regimen"
}]