[{
  "_id": {
    "$oid": "65949b6dd806867401dafb79"
  },
  "clave": "TPAF01",
  "descripcion": "Autotransporte Federal de carga general.",
  "claveTrasporte": "01"
},
{
  "_id": {
    "$oid": "65949b6dd806867401dafb7a"
  },
  "clave": "TPAF02",
  "descripcion": "Transporte privado de carga.",
  "claveTrasporte": "01"
},
{
  "_id": {
    "$oid": "65949b6dd806867401dafb7b"
  },
  "clave": "TPAF03",
  "descripcion": "Autotransporte Federal de Carga Especializada de materiales y residuos peligrosos.",
  "claveTrasporte": "01"
},
{
  "_id": {
    "$oid": "65949b6dd806867401dafb7c"
  },
  "clave": "TPAF04",
  "descripcion": "Transporte de automóviles sin rodar en vehículo tipo góndola.",
  "claveTrasporte": "01"
},
{
  "_id": {
    "$oid": "65949b6dd806867401dafb7d"
  },
  "clave": "TPAF05",
  "descripcion": "Transporte de carga de gran peso y/o volumen de hasta 90 toneladas.",
  "claveTrasporte": "01"
},
{
  "_id": {
    "$oid": "65949b6dd806867401dafb7e"
  },
  "clave": "TPAF06",
  "descripcion": "Transporte de carga especializada de gran peso y/o volumen de más 90 toneladas.",
  "claveTrasporte": "01"
},
{
  "_id": {
    "$oid": "65949b6dd806867401dafb7f"
  },
  "clave": "TPAF07",
  "descripcion": "Transporte Privado de materiales y residuos peligrosos.",
  "claveTrasporte": "01"
},
{
  "_id": {
    "$oid": "65949b6dd806867401dafb80"
  },
  "clave": "TPAF08",
  "descripcion": "Autotransporte internacional de carga de largo recorrido.",
  "claveTrasporte": "01"
},
{
  "_id": {
    "$oid": "65949b6dd806867401dafb81"
  },
  "clave": "TPAF09",
  "descripcion": "Autotransporte internacional de carga especializada de materiales y residuos peligrosos de largo recorrido.",
  "claveTrasporte": "01"
},
{
  "_id": {
    "$oid": "65949b6dd806867401dafb82"
  },
  "clave": "TPAF10",
  "descripcion": "Autotransporte Federal de Carga General cuyo ámbito de aplicación comprende la franja fronteriza con Estados Unidos.",
  "claveTrasporte": "01"
},
{
  "_id": {
    "$oid": "65949b6dd806867401dafb83"
  },
  "clave": "TPAF11",
  "descripcion": "Autotransporte Federal de Carga Especializada cuyo ámbito de aplicación comprende la franja fronteriza con Estados Unidos.",
  "claveTrasporte": "01"
},
{
  "_id": {
    "$oid": "65949b6dd806867401dafb84"
  },
  "clave": "TPAF12",
  "descripcion": "Servicio auxiliar de arrastre en las vías generales de comunicación.",
  "claveTrasporte": "01"
},
{
  "_id": {
    "$oid": "65949b6dd806867401dafb85"
  },
  "clave": "TPAF13",
  "descripcion": "Servicio auxiliar de servicios de arrastre, arrastre y salvamento, y depósito de vehículos en las vías generales de comunicación.",
  "claveTrasporte": "01"
},
{
  "_id": {
    "$oid": "65949b6dd806867401dafb86"
  },
  "clave": "TPAF14",
  "descripcion": "Servicio de paquetería y mensajería en las vías generales de comunicación.",
  "claveTrasporte": "01"
},
{
  "_id": {
    "$oid": "65949b6dd806867401dafb87"
  },
  "clave": "TPAF15",
  "descripcion": "Transporte especial para el tránsito de grúas industriales con peso máximo de 90 toneladas.",
  "claveTrasporte": "01"
},
{
  "_id": {
    "$oid": "65949b6dd806867401dafb88"
  },
  "clave": "TPAF16",
  "descripcion": "Servicio federal para empresas arrendadoras servicio público federal.",
  "claveTrasporte": "01"
},
{
  "_id": {
    "$oid": "65949b6dd806867401dafb89"
  },
  "clave": "TPAF17",
  "descripcion": "Empresas trasladistas de vehículos nuevos.",
  "claveTrasporte": "01"
},
{
  "_id": {
    "$oid": "65949b6dd806867401dafb8a"
  },
  "clave": "TPAF18",
  "descripcion": "Empresas fabricantes o distribuidoras de vehículos nuevos.",
  "claveTrasporte": "01"
},
{
  "_id": {
    "$oid": "65949b6dd806867401dafb8b"
  },
  "clave": "TPAF19",
  "descripcion": "Autorización expresa para circular en los caminos y puentes de jurisdicción federal con configuraciones de tractocamión doblemente articulado.",
  "claveTrasporte": "01"
},
{
  "_id": {
    "$oid": "65949b6dd806867401dafb8c"
  },
  "clave": "TPAF20",
  "descripcion": "Autotransporte Federal de Carga Especializada de fondos y valores.",
  "claveTrasporte": "01"
},
{
  "_id": {
    "$oid": "65949b6dd806867401dafb8d"
  },
  "clave": "TPTM01",
  "descripcion": "Permiso temporal para navegación de cabotaje",
  "claveTrasporte": "02"
},
{
  "_id": {
    "$oid": "65949b6dd806867401dafb8e"
  },
  "clave": "TPTA01",
  "descripcion": "Concesión y/o autorización para el servicio regular nacional y/o internacional para empresas mexicanas",
  "claveTrasporte": "03"
},
{
  "_id": {
    "$oid": "65949b6dd806867401dafb8f"
  },
  "clave": "TPTA02",
  "descripcion": "Permiso para el servicio aéreo regular de empresas extranjeras",
  "claveTrasporte": "03"
},
{
  "_id": {
    "$oid": "65949b6dd806867401dafb90"
  },
  "clave": "TPTA03",
  "descripcion": "Permiso para el servicio nacional e internacional no regular de fletamento",
  "claveTrasporte": "03"
},
{
  "_id": {
    "$oid": "65949b6dd806867401dafb91"
  },
  "clave": "TPTA04",
  "descripcion": "Permiso para el servicio nacional e internacional no regular de taxi aéreo",
  "claveTrasporte": "03"
},
{
  "_id": {
    "$oid": "65949b6dd806867401dafb92"
  },
  "clave": "TPXX00",
  "descripcion": "Permiso no contemplado en el catálogo.",
  "claveTrasporte": "01,02,03"
}]