[{
  "_id": {
    "$oid": "661eba1ae3b92cc1a47b7e68"
  },
  "clave": "01",
  "descripcion": "Contrato de trabajo por tiempo indeterminado"
},
{
  "_id": {
    "$oid": "661eba1ae3b92cc1a47b7e69"
  },
  "clave": "02",
  "descripcion": "Contrato de trabajo para obra determinada"
},
{
  "_id": {
    "$oid": "661eba1ae3b92cc1a47b7e6a"
  },
  "clave": "03",
  "descripcion": "Contrato de trabajo por tiempo determinado"
},
{
  "_id": {
    "$oid": "661eba1ae3b92cc1a47b7e6b"
  },
  "clave": "04",
  "descripcion": "Contrato de trabajo por temporada"
},
{
  "_id": {
    "$oid": "661eba1ae3b92cc1a47b7e6c"
  },
  "clave": "05",
  "descripcion": "Contrato de trabajo sujeto a prueba"
},
{
  "_id": {
    "$oid": "661eba1ae3b92cc1a47b7e6d"
  },
  "clave": "06",
  "descripcion": "Contrato de trabajo con capacitación inicial"
},
{
  "_id": {
    "$oid": "661eba1ae3b92cc1a47b7e6e"
  },
  "clave": "07",
  "descripcion": "Modalidad de contratación por pago de hora laborada"
},
{
  "_id": {
    "$oid": "661eba1ae3b92cc1a47b7e6f"
  },
  "clave": "08",
  "descripcion": "Modalidad de trabajo por comisión laboral"
},
{
  "_id": {
    "$oid": "661eba1ae3b92cc1a47b7e70"
  },
  "clave": "09",
  "descripcion": "Modalidades de contratación donde no existe relación de trabajo"
},
{
  "_id": {
    "$oid": "661eba1ae3b92cc1a47b7e71"
  },
  "clave": "10",
  "descripcion": "Jubilación, pensión, retiro."
},
{
  "_id": {
    "$oid": "661eba1ae3b92cc1a47b7e72"
  },
  "clave": "99",
  "descripcion": "Otro contrato"
}]