[{
  "_id": {
    "$oid": "661ebab1e3b92cc1a47b7ee5"
  },
  "clave": "01",
  "descripcion": "Diurna"
},
{
  "_id": {
    "$oid": "661ebab1e3b92cc1a47b7ee6"
  },
  "clave": "02",
  "descripcion": "Nocturna"
},
{
  "_id": {
    "$oid": "661ebab1e3b92cc1a47b7ee7"
  },
  "clave": "03",
  "descripcion": "Mixta"
},
{
  "_id": {
    "$oid": "661ebab1e3b92cc1a47b7ee8"
  },
  "clave": "04",
  "descripcion": "Por hora"
},
{
  "_id": {
    "$oid": "661ebab1e3b92cc1a47b7ee9"
  },
  "clave": "05",
  "descripcion": "Reducida"
},
{
  "_id": {
    "$oid": "661ebab1e3b92cc1a47b7eea"
  },
  "clave": "06",
  "descripcion": "Continuada"
},
{
  "_id": {
    "$oid": "661ebab1e3b92cc1a47b7eeb"
  },
  "clave": "07",
  "descripcion": "Partida"
},
{
  "_id": {
    "$oid": "661ebab1e3b92cc1a47b7eec"
  },
  "clave": "08",
  "descripcion": "Por turnos"
},
{
  "_id": {
    "$oid": "661ebab1e3b92cc1a47b7eed"
  },
  "clave": "99",
  "descripcion": "Otra Jornada"
}]