[{
  "_id": {
    "$oid": "661eba4fe3b92cc1a47b7e74"
  },
  "clave": "001",
  "descripcion": "Seguridad social"
},
{
  "_id": {
    "$oid": "661eba4fe3b92cc1a47b7e75"
  },
  "clave": "002",
  "descripcion": "ISR"
},
{
  "_id": {
    "$oid": "661eba4fe3b92cc1a47b7e76"
  },
  "clave": "003",
  "descripcion": "Aportaciones a retiro, cesantía en edad avanzada y vejez."
},
{
  "_id": {
    "$oid": "661eba4fe3b92cc1a47b7e77"
  },
  "clave": "004",
  "descripcion": "Otros"
},
{
  "_id": {
    "$oid": "661eba4fe3b92cc1a47b7e78"
  },
  "clave": "005",
  "descripcion": "Aportaciones a Fondo de vivienda"
},
{
  "_id": {
    "$oid": "661eba4fe3b92cc1a47b7e79"
  },
  "clave": "006",
  "descripcion": "Descuento por incapacidad"
},
{
  "_id": {
    "$oid": "661eba4fe3b92cc1a47b7e7a"
  },
  "clave": "007",
  "descripcion": "Pensión alimenticia"
},
{
  "_id": {
    "$oid": "661eba4fe3b92cc1a47b7e7b"
  },
  "clave": "008",
  "descripcion": "Renta"
},
{
  "_id": {
    "$oid": "661eba4fe3b92cc1a47b7e7c"
  },
  "clave": "009",
  "descripcion": "Préstamos provenientes del Fondo Nacional de la Vivienda para los Trabajadores"
},
{
  "_id": {
    "$oid": "661eba4fe3b92cc1a47b7e7d"
  },
  "clave": "010",
  "descripcion": "Pago por crédito de vivienda"
},
{
  "_id": {
    "$oid": "661eba4fe3b92cc1a47b7e7e"
  },
  "clave": "011",
  "descripcion": "Pago de abonos INFONACOT"
},
{
  "_id": {
    "$oid": "661eba4fe3b92cc1a47b7e7f"
  },
  "clave": "012",
  "descripcion": "Anticipo de salarios"
},
{
  "_id": {
    "$oid": "661eba4fe3b92cc1a47b7e80"
  },
  "clave": "013",
  "descripcion": "Pagos hechos con exceso al trabajador"
},
{
  "_id": {
    "$oid": "661eba4fe3b92cc1a47b7e81"
  },
  "clave": "014",
  "descripcion": "Errores"
},
{
  "_id": {
    "$oid": "661eba4fe3b92cc1a47b7e82"
  },
  "clave": "015",
  "descripcion": "Pérdidas"
},
{
  "_id": {
    "$oid": "661eba4fe3b92cc1a47b7e83"
  },
  "clave": "016",
  "descripcion": "Averías"
},
{
  "_id": {
    "$oid": "661eba4fe3b92cc1a47b7e84"
  },
  "clave": "017",
  "descripcion": "Adquisición de artículos producidos por la empresa o establecimiento"
},
{
  "_id": {
    "$oid": "661eba4fe3b92cc1a47b7e85"
  },
  "clave": "018",
  "descripcion": "Cuotas para la constitución y fomento de sociedades cooperativas y de cajas de ahorro"
},
{
  "_id": {
    "$oid": "661eba4fe3b92cc1a47b7e86"
  },
  "clave": "019",
  "descripcion": "Cuotas sindicales"
},
{
  "_id": {
    "$oid": "661eba4fe3b92cc1a47b7e87"
  },
  "clave": "020",
  "descripcion": "Ausencia (Ausentismo)"
},
{
  "_id": {
    "$oid": "661eba4fe3b92cc1a47b7e88"
  },
  "clave": "021",
  "descripcion": "Cuotas obrero patronales"
},
{
  "_id": {
    "$oid": "661eba4fe3b92cc1a47b7e89"
  },
  "clave": "022",
  "descripcion": "Impuestos Locales"
},
{
  "_id": {
    "$oid": "661eba4fe3b92cc1a47b7e8a"
  },
  "clave": "023",
  "descripcion": "Aportaciones voluntarias"
},
{
  "_id": {
    "$oid": "661eba4fe3b92cc1a47b7e8b"
  },
  "clave": "024",
  "descripcion": "Ajuste en Gratificación Anual (Aguinaldo) Exento"
},
{
  "_id": {
    "$oid": "661eba4fe3b92cc1a47b7e8c"
  },
  "clave": "025",
  "descripcion": "Ajuste en Gratificación Anual (Aguinaldo) Gravado"
},
{
  "_id": {
    "$oid": "661eba4fe3b92cc1a47b7e8d"
  },
  "clave": "026",
  "descripcion": "Ajuste en Participación de los Trabajadores en las Utilidades PTU Exento"
},
{
  "_id": {
    "$oid": "661eba4fe3b92cc1a47b7e8e"
  },
  "clave": "027",
  "descripcion": "Ajuste en Participación de los Trabajadores en las Utilidades PTU Gravado"
},
{
  "_id": {
    "$oid": "661eba4fe3b92cc1a47b7e8f"
  },
  "clave": "028",
  "descripcion": "Ajuste en Reembolso de Gastos Médicos Dentales y Hospitalarios Exento"
},
{
  "_id": {
    "$oid": "661eba4fe3b92cc1a47b7e90"
  },
  "clave": "029",
  "descripcion": "Ajuste en Fondo de ahorro Exento"
},
{
  "_id": {
    "$oid": "661eba4fe3b92cc1a47b7e91"
  },
  "clave": "030",
  "descripcion": "Ajuste en Caja de ahorro Exento"
},
{
  "_id": {
    "$oid": "661eba4fe3b92cc1a47b7e92"
  },
  "clave": "031",
  "descripcion": "Ajuste en Contribuciones a Cargo del Trabajador Pagadas por el Patrón Exento"
},
{
  "_id": {
    "$oid": "661eba4fe3b92cc1a47b7e93"
  },
  "clave": "032",
  "descripcion": "Ajuste en Premios por puntualidad Gravado"
},
{
  "_id": {
    "$oid": "661eba4fe3b92cc1a47b7e94"
  },
  "clave": "033",
  "descripcion": "Ajuste en Prima de Seguro de vida Exento"
},
{
  "_id": {
    "$oid": "661eba4fe3b92cc1a47b7e95"
  },
  "clave": "034",
  "descripcion": "Ajuste en Seguro de Gastos Médicos Mayores Exento"
},
{
  "_id": {
    "$oid": "661eba4fe3b92cc1a47b7e96"
  },
  "clave": "035",
  "descripcion": "Ajuste en Cuotas Sindicales Pagadas por el Patrón Exento"
},
{
  "_id": {
    "$oid": "661eba4fe3b92cc1a47b7e97"
  },
  "clave": "036",
  "descripcion": "Ajuste en Subsidios por incapacidad Exento"
},
{
  "_id": {
    "$oid": "661eba4fe3b92cc1a47b7e98"
  },
  "clave": "037",
  "descripcion": "Ajuste en Becas para trabajadores y/o hijos Exento"
},
{
  "_id": {
    "$oid": "661eba4fe3b92cc1a47b7e99"
  },
  "clave": "038",
  "descripcion": "Ajuste en Horas extra Exento"
},
{
  "_id": {
    "$oid": "661eba4fe3b92cc1a47b7e9a"
  },
  "clave": "039",
  "descripcion": "Ajuste en Horas extra Gravado"
},
{
  "_id": {
    "$oid": "661eba4fe3b92cc1a47b7e9b"
  },
  "clave": "040",
  "descripcion": "Ajuste en Prima dominical Exento"
},
{
  "_id": {
    "$oid": "661eba4fe3b92cc1a47b7e9c"
  },
  "clave": "041",
  "descripcion": "Ajuste en Prima dominical Gravado"
},
{
  "_id": {
    "$oid": "661eba4fe3b92cc1a47b7e9d"
  },
  "clave": "042",
  "descripcion": "Ajuste en Prima vacacional Exento"
},
{
  "_id": {
    "$oid": "661eba4fe3b92cc1a47b7e9e"
  },
  "clave": "043",
  "descripcion": "Ajuste en Prima vacacional Gravado"
},
{
  "_id": {
    "$oid": "661eba4fe3b92cc1a47b7e9f"
  },
  "clave": "044",
  "descripcion": "Ajuste en Prima por antigüedad Exento"
},
{
  "_id": {
    "$oid": "661eba4fe3b92cc1a47b7ea0"
  },
  "clave": "045",
  "descripcion": "Ajuste en Prima por antigüedad Gravado"
},
{
  "_id": {
    "$oid": "661eba4fe3b92cc1a47b7ea1"
  },
  "clave": "046",
  "descripcion": "Ajuste en Pagos por separación Exento"
},
{
  "_id": {
    "$oid": "661eba4fe3b92cc1a47b7ea2"
  },
  "clave": "047",
  "descripcion": "Ajuste en Pagos por separación Gravado"
},
{
  "_id": {
    "$oid": "661eba4fe3b92cc1a47b7ea3"
  },
  "clave": "048",
  "descripcion": "Ajuste en Seguro de retiro Exento"
},
{
  "_id": {
    "$oid": "661eba4fe3b92cc1a47b7ea4"
  },
  "clave": "049",
  "descripcion": "Ajuste en Indemnizaciones Exento"
},
{
  "_id": {
    "$oid": "661eba4fe3b92cc1a47b7ea5"
  },
  "clave": "050",
  "descripcion": "Ajuste en Indemnizaciones Gravado"
},
{
  "_id": {
    "$oid": "661eba4fe3b92cc1a47b7ea6"
  },
  "clave": "051",
  "descripcion": "Ajuste en Reembolso por funeral Exento"
},
{
  "_id": {
    "$oid": "661eba4fe3b92cc1a47b7ea7"
  },
  "clave": "052",
  "descripcion": "Ajuste en Cuotas de seguridad social pagadas por el patrón Exento"
},
{
  "_id": {
    "$oid": "661eba4fe3b92cc1a47b7ea8"
  },
  "clave": "053",
  "descripcion": "Ajuste en Comisiones Gravado"
},
{
  "_id": {
    "$oid": "661eba4fe3b92cc1a47b7ea9"
  },
  "clave": "054",
  "descripcion": "Ajuste en Vales de despensa Exento"
},
{
  "_id": {
    "$oid": "661eba4fe3b92cc1a47b7eaa"
  },
  "clave": "055",
  "descripcion": "Ajuste en Vales de restaurante Exento"
},
{
  "_id": {
    "$oid": "661eba4fe3b92cc1a47b7eab"
  },
  "clave": "056",
  "descripcion": "Ajuste en Vales de gasolina Exento"
},
{
  "_id": {
    "$oid": "661eba4fe3b92cc1a47b7eac"
  },
  "clave": "057",
  "descripcion": "Ajuste en Vales de ropa Exento"
},
{
  "_id": {
    "$oid": "661eba4fe3b92cc1a47b7ead"
  },
  "clave": "058",
  "descripcion": "Ajuste en Ayuda para renta Exento"
},
{
  "_id": {
    "$oid": "661eba4fe3b92cc1a47b7eae"
  },
  "clave": "059",
  "descripcion": "Ajuste en Ayuda para artículos escolares Exento"
},
{
  "_id": {
    "$oid": "661eba4fe3b92cc1a47b7eaf"
  },
  "clave": "060",
  "descripcion": "Ajuste en Ayuda para anteojos Exento"
},
{
  "_id": {
    "$oid": "661eba4fe3b92cc1a47b7eb0"
  },
  "clave": "061",
  "descripcion": "Ajuste en Ayuda para transporte Exento"
},
{
  "_id": {
    "$oid": "661eba4fe3b92cc1a47b7eb1"
  },
  "clave": "062",
  "descripcion": "Ajuste en Ayuda para gastos de funeral Exento"
},
{
  "_id": {
    "$oid": "661eba4fe3b92cc1a47b7eb2"
  },
  "clave": "063",
  "descripcion": "Ajuste en Otros ingresos por salarios Exento"
},
{
  "_id": {
    "$oid": "661eba4fe3b92cc1a47b7eb3"
  },
  "clave": "064",
  "descripcion": "Ajuste en Otros ingresos por salarios Gravado"
},
{
  "_id": {
    "$oid": "661eba4fe3b92cc1a47b7eb4"
  },
  "clave": "065",
  "descripcion": "Ajuste en Jubilaciones, pensiones o haberes de retiro en una sola exhibición Exento "
},
{
  "_id": {
    "$oid": "661eba4fe3b92cc1a47b7eb5"
  },
  "clave": "066",
  "descripcion": "Ajuste en Jubilaciones, pensiones o haberes de retiro en una sola exhibición Gravado"
},
{
  "_id": {
    "$oid": "661eba4fe3b92cc1a47b7eb6"
  },
  "clave": "067",
  "descripcion": "Ajuste en Pagos por separación Acumulable"
},
{
  "_id": {
    "$oid": "661eba4fe3b92cc1a47b7eb7"
  },
  "clave": "068",
  "descripcion": "Ajuste en Pagos por separación No acumulable"
},
{
  "_id": {
    "$oid": "661eba4fe3b92cc1a47b7eb8"
  },
  "clave": "069",
  "descripcion": "Ajuste en Jubilaciones, pensiones o haberes de retiro en parcialidades Exento"
},
{
  "_id": {
    "$oid": "661eba4fe3b92cc1a47b7eb9"
  },
  "clave": "070",
  "descripcion": "Ajuste en Jubilaciones, pensiones o haberes de retiro en parcialidades Gravado"
},
{
  "_id": {
    "$oid": "661eba4fe3b92cc1a47b7eba"
  },
  "clave": "071",
  "descripcion": "Ajuste en Subsidio para el empleo (efectivamente entregado al trabajador)"
},
{
  "_id": {
    "$oid": "661eba4fe3b92cc1a47b7ebb"
  },
  "clave": "072",
  "descripcion": "Ajuste en Ingresos en acciones o títulos valor que representan bienes Exento"
},
{
  "_id": {
    "$oid": "661eba4fe3b92cc1a47b7ebc"
  },
  "clave": "073",
  "descripcion": "Ajuste en Ingresos en acciones o títulos valor que representan bienes Gravado"
},
{
  "_id": {
    "$oid": "661eba4fe3b92cc1a47b7ebd"
  },
  "clave": "074",
  "descripcion": "Ajuste en Alimentación Exento"
},
{
  "_id": {
    "$oid": "661eba4fe3b92cc1a47b7ebe"
  },
  "clave": "075",
  "descripcion": "Ajuste en Alimentación Gravado"
},
{
  "_id": {
    "$oid": "661eba4fe3b92cc1a47b7ebf"
  },
  "clave": "076",
  "descripcion": "Ajuste en Habitación Exento"
},
{
  "_id": {
    "$oid": "661eba4fe3b92cc1a47b7ec0"
  },
  "clave": "077",
  "descripcion": "Ajuste en Habitación Gravado"
},
{
  "_id": {
    "$oid": "661eba4fe3b92cc1a47b7ec1"
  },
  "clave": "078",
  "descripcion": "Ajuste en Premios por asistencia"
},
{
  "_id": {
    "$oid": "661eba4fe3b92cc1a47b7ec2"
  },
  "clave": "079",
  "descripcion": "Ajuste en Pagos distintos a los listados y que no deben considerarse como ingreso por sueldos, salarios o ingresos asimilados."
},
{
  "_id": {
    "$oid": "661eba4fe3b92cc1a47b7ec3"
  },
  "clave": "080",
  "descripcion": "Ajuste en Viáticos gravados"
},
{
  "_id": {
    "$oid": "661eba4fe3b92cc1a47b7ec4"
  },
  "clave": "081",
  "descripcion": "Ajuste en Viáticos (entregados al trabajador)"
},
{
  "_id": {
    "$oid": "661eba4fe3b92cc1a47b7ec5"
  },
  "clave": "082",
  "descripcion": "Ajuste en Fondo de ahorro Gravado"
},
{
  "_id": {
    "$oid": "661eba4fe3b92cc1a47b7ec6"
  },
  "clave": "083",
  "descripcion": "Ajuste en Caja de ahorro Gravado"
},
{
  "_id": {
    "$oid": "661eba4fe3b92cc1a47b7ec7"
  },
  "clave": "084",
  "descripcion": "Ajuste en Prima de Seguro de vida Gravado"
},
{
  "_id": {
    "$oid": "661eba4fe3b92cc1a47b7ec8"
  },
  "clave": "085",
  "descripcion": "Ajuste en Seguro de Gastos Médicos Mayores Gravado"
},
{
  "_id": {
    "$oid": "661eba4fe3b92cc1a47b7ec9"
  },
  "clave": "086",
  "descripcion": "Ajuste en Subsidios por incapacidad Gravado"
},
{
  "_id": {
    "$oid": "661eba4fe3b92cc1a47b7eca"
  },
  "clave": "087",
  "descripcion": "Ajuste en Becas para trabajadores y/o hijos Gravado"
},
{
  "_id": {
    "$oid": "661eba4fe3b92cc1a47b7ecb"
  },
  "clave": "088",
  "descripcion": "Ajuste en Seguro de retiro Gravado"
},
{
  "_id": {
    "$oid": "661eba4fe3b92cc1a47b7ecc"
  },
  "clave": "089",
  "descripcion": "Ajuste en Vales de despensa Gravado"
},
{
  "_id": {
    "$oid": "661eba4fe3b92cc1a47b7ecd"
  },
  "clave": "090",
  "descripcion": "Ajuste en Vales de restaurante Gravado"
},
{
  "_id": {
    "$oid": "661eba4fe3b92cc1a47b7ece"
  },
  "clave": "091",
  "descripcion": "Ajuste en Vales de gasolina Gravado"
},
{
  "_id": {
    "$oid": "661eba4fe3b92cc1a47b7ecf"
  },
  "clave": "092",
  "descripcion": "Ajuste en Vales de ropa Gravado"
},
{
  "_id": {
    "$oid": "661eba4fe3b92cc1a47b7ed0"
  },
  "clave": "093",
  "descripcion": "Ajuste en Ayuda para renta Gravado"
},
{
  "_id": {
    "$oid": "661eba4fe3b92cc1a47b7ed1"
  },
  "clave": "094",
  "descripcion": "Ajuste en Ayuda para artículos escolares Gravado"
},
{
  "_id": {
    "$oid": "661eba4fe3b92cc1a47b7ed2"
  },
  "clave": "095",
  "descripcion": "Ajuste en Ayuda para anteojos Gravado"
},
{
  "_id": {
    "$oid": "661eba4fe3b92cc1a47b7ed3"
  },
  "clave": "096",
  "descripcion": "Ajuste en Ayuda para transporte Gravado"
},
{
  "_id": {
    "$oid": "661eba4fe3b92cc1a47b7ed4"
  },
  "clave": "097",
  "descripcion": "Ajuste en Ayuda para gastos de funeral Gravado"
},
{
  "_id": {
    "$oid": "661eba4fe3b92cc1a47b7ed5"
  },
  "clave": "098",
  "descripcion": "Ajuste a ingresos asimilados a salarios gravados"
},
{
  "_id": {
    "$oid": "661eba4fe3b92cc1a47b7ed6"
  },
  "clave": "099",
  "descripcion": "Ajuste a ingresos por sueldos y salarios gravados"
},
{
  "_id": {
    "$oid": "661eba4fe3b92cc1a47b7ed7"
  },
  "clave": "100",
  "descripcion": "Ajuste en Viáticos exentos"
},
{
  "_id": {
    "$oid": "661eba4fe3b92cc1a47b7ed8"
  },
  "clave": "101",
  "descripcion": "ISR Retenido de ejercicio anterior"
},
{
  "_id": {
    "$oid": "661eba4fe3b92cc1a47b7ed9"
  },
  "clave": "102",
  "descripcion": "Ajuste a pagos por gratificaciones, primas, compensaciones, recompensas u otros a extrabajadores derivados de jubilación en parcialidades, gravados"
},
{
  "_id": {
    "$oid": "661eba4fe3b92cc1a47b7eda"
  },
  "clave": "103",
  "descripcion": "Ajuste a pagos que se realicen a extrabajadores que obtengan una jubilación en parcialidades derivados de la ejecución de una resolución judicial o de un laudo gravados"
},
{
  "_id": {
    "$oid": "661eba4fe3b92cc1a47b7edb"
  },
  "clave": "104",
  "descripcion": "Ajuste a pagos que se realicen a extrabajadores que obtengan una jubilación en parcialidades derivados de la ejecución de una resolución judicial o de un laudo exentos"
},
{
  "_id": {
    "$oid": "661eba4fe3b92cc1a47b7edc"
  },
  "clave": "105",
  "descripcion": "Ajuste a pagos que se realicen a extrabajadores que obtengan una jubilación en una sola exhibición derivados de la ejecución de una resolución judicial o de un laudo gravados"
},
{
  "_id": {
    "$oid": "661eba4fe3b92cc1a47b7edd"
  },
  "clave": "106",
  "descripcion": "Ajuste a pagos que se realicen a extrabajadores que obtengan una jubilación en una sola exhibición derivados de la ejecución de una resolución judicial o de un laudo exentos"
},
{
  "_id": {
    "$oid": "661eba4fe3b92cc1a47b7ede"
  },
  "clave": "107",
  "descripcion": "Ajuste al Subsidio Causado "
}]