[{
  "_id": {
    "$oid": "659c4e8154fef04af601b275"
  },
  "clave": "01",
  "descripcion": "Nota de crédito de los documentos relacionados"
},
{
  "_id": {
    "$oid": "659c4e8154fef04af601b276"
  },
  "clave": "02",
  "descripcion": "Nota de débito de los documentos relacionados"
},
{
  "_id": {
    "$oid": "659c4e8154fef04af601b277"
  },
  "clave": "03",
  "descripcion": "Devolución de mercancía sobre facturas o traslados previos"
},
{
  "_id": {
    "$oid": "659c4e8154fef04af601b278"
  },
  "clave": "04",
  "descripcion": "Sustitución de los CFDI previos"
},
{
  "_id": {
    "$oid": "659c4e8154fef04af601b279"
  },
  "clave": "05",
  "descripcion": "Traslados de mercancías facturados previamente"
},
{
  "_id": {
    "$oid": "659c4e8154fef04af601b27a"
  },
  "clave": "06",
  "descripcion": "Factura generada por los traslados previos"
},
{
  "_id": {
    "$oid": "659c4e8154fef04af601b27b"
  },
  "clave": "07",
  "descripcion": "CFDI por aplicación de anticipo"
}]