[{
  "_id": {
    "$oid": "65949990d806867401dafb22"
  },
  "clave": "1A1",
  "descripcion": "Bidones (Tambores) de Acero 1 de tapa no desmontable"
},
{
  "_id": {
    "$oid": "65949990d806867401dafb23"
  },
  "clave": "1A2",
  "descripcion": "Bidones (Tambores) de Acero 1 de tapa desmontable"
},
{
  "_id": {
    "$oid": "65949990d806867401dafb24"
  },
  "clave": "1B1",
  "descripcion": "Bidones (Tambores) de Aluminio de tapa no desmontable"
},
{
  "_id": {
    "$oid": "65949990d806867401dafb25"
  },
  "clave": "1B2",
  "descripcion": "Bidones (Tambores) de Aluminio de tapa desmontable"
},
{
  "_id": {
    "$oid": "65949990d806867401dafb26"
  },
  "clave": "1D",
  "descripcion": "Bidones (Tambores) de Madera contrachapada"
},
{
  "_id": {
    "$oid": "65949990d806867401dafb27"
  },
  "clave": "1G",
  "descripcion": "Bidones (Tambores) de Cartón"
},
{
  "_id": {
    "$oid": "65949990d806867401dafb28"
  },
  "clave": "1H1",
  "descripcion": "Bidones (Tambores) de Plástico de tapa no desmontable"
},
{
  "_id": {
    "$oid": "65949990d806867401dafb29"
  },
  "clave": "1H2",
  "descripcion": "Bidones (Tambores) de Plástico de tapa desmontable"
},
{
  "_id": {
    "$oid": "65949990d806867401dafb2a"
  },
  "clave": "1N1",
  "descripcion": "Bidones (Tambores) de Metal que no sea acero ni aluminio de tapa no desmontable"
},
{
  "_id": {
    "$oid": "65949990d806867401dafb2b"
  },
  "clave": "1N2",
  "descripcion": "Bidones (Tambores) de Metal que no sea acero ni aluminio de tapa desmontable"
},
{
  "_id": {
    "$oid": "65949990d806867401dafb2c"
  },
  "clave": "3A1",
  "descripcion": "Jerricanes (Porrones) de Acero de tapa no desmontable"
},
{
  "_id": {
    "$oid": "65949990d806867401dafb2d"
  },
  "clave": "3A2",
  "descripcion": "Jerricanes (Porrones) de Acero de tapa desmontable"
},
{
  "_id": {
    "$oid": "65949990d806867401dafb2e"
  },
  "clave": "3B1",
  "descripcion": "Jerricanes (Porrones) de Aluminio de tapa no desmontable"
},
{
  "_id": {
    "$oid": "65949990d806867401dafb2f"
  },
  "clave": "3B2",
  "descripcion": "Jerricanes (Porrones) de Aluminio de tapa desmontable"
},
{
  "_id": {
    "$oid": "65949990d806867401dafb30"
  },
  "clave": "3H1",
  "descripcion": "Jerricanes (Porrones) de Plástico de tapa no desmontable"
},
{
  "_id": {
    "$oid": "65949990d806867401dafb31"
  },
  "clave": "3H2",
  "descripcion": "Jerricanes (Porrones) de Plástico de tapa desmontable"
},
{
  "_id": {
    "$oid": "65949990d806867401dafb32"
  },
  "clave": "4A",
  "descripcion": "Cajas de Acero"
},
{
  "_id": {
    "$oid": "65949990d806867401dafb33"
  },
  "clave": "4B",
  "descripcion": "Cajas de Aluminio"
},
{
  "_id": {
    "$oid": "65949990d806867401dafb34"
  },
  "clave": "4C1",
  "descripcion": "Cajas de Madera natural ordinaria"
},
{
  "_id": {
    "$oid": "65949990d806867401dafb35"
  },
  "clave": "4C2",
  "descripcion": "Cajas de Madera natural de paredes a prueba de polvos (estancas a los pulverulentos)"
},
{
  "_id": {
    "$oid": "65949990d806867401dafb36"
  },
  "clave": "4D",
  "descripcion": "Cajas de Madera contrachapada"
},
{
  "_id": {
    "$oid": "65949990d806867401dafb37"
  },
  "clave": "4F",
  "descripcion": "Cajas de Madera reconstituida"
},
{
  "_id": {
    "$oid": "65949990d806867401dafb38"
  },
  "clave": "4G",
  "descripcion": "Cajas de Cartón"
},
{
  "_id": {
    "$oid": "65949990d806867401dafb39"
  },
  "clave": "4H1",
  "descripcion": "Cajas de Plástico Expandido"
},
{
  "_id": {
    "$oid": "65949990d806867401dafb3a"
  },
  "clave": "4H2",
  "descripcion": "Cajas de Plástico Rígido"
},
{
  "_id": {
    "$oid": "65949990d806867401dafb3b"
  },
  "clave": "5H1",
  "descripcion": "Sacos (Bolsas) de Tejido de plástico sin forro ni revestimientos interiores"
},
{
  "_id": {
    "$oid": "65949990d806867401dafb3c"
  },
  "clave": "5H2",
  "descripcion": "Sacos (Bolsas) de Tejido de plástico a prueba de polvos (estancos a los pulverulentos)"
},
{
  "_id": {
    "$oid": "65949990d806867401dafb3d"
  },
  "clave": "5H3",
  "descripcion": "Sacos (Bolsas) de Tejido de plástico resistente al agua"
},
{
  "_id": {
    "$oid": "65949990d806867401dafb3e"
  },
  "clave": "5H4",
  "descripcion": "Sacos (Bolsas) de Película de plástico"
},
{
  "_id": {
    "$oid": "65949990d806867401dafb3f"
  },
  "clave": "5L1",
  "descripcion": "Sacos (Bolsas) de Tela sin forro ni revestimientos interiores"
},
{
  "_id": {
    "$oid": "65949990d806867401dafb40"
  },
  "clave": "5L2",
  "descripcion": "Sacos (Bolsas) de Tela a prueba de polvos (estancos a los pulverulentos)"
},
{
  "_id": {
    "$oid": "65949990d806867401dafb41"
  },
  "clave": "5L3",
  "descripcion": "Sacos (Bolsas) de Tela resistentes al agua"
},
{
  "_id": {
    "$oid": "65949990d806867401dafb42"
  },
  "clave": "5M1",
  "descripcion": "Sacos (Bolsas) de Papel de varias hojas"
},
{
  "_id": {
    "$oid": "65949990d806867401dafb43"
  },
  "clave": "5M2",
  "descripcion": "Sacos (Bolsas) de Papel de varias hojas, resistentes al agua"
},
{
  "_id": {
    "$oid": "65949990d806867401dafb44"
  },
  "clave": "6HA1",
  "descripcion": "Envases y embalajes compuestos de Recipiente de plástico, con bidón (tambor) de acero"
},
{
  "_id": {
    "$oid": "65949990d806867401dafb45"
  },
  "clave": "6HA2",
  "descripcion": "Envases y embalajes compuestos de Recipiente de plástico, con una jaula o caja de acero"
},
{
  "_id": {
    "$oid": "65949990d806867401dafb46"
  },
  "clave": "6HB1",
  "descripcion": "Envases y embalajes compuestos de Recipiente de plástico, con un bidón (tambor) exterior de aluminio"
},
{
  "_id": {
    "$oid": "65949990d806867401dafb47"
  },
  "clave": "6HB2",
  "descripcion": "Envases y embalajes compuestos de Recipiente de plástico, con una jaula o caja de aluminio"
},
{
  "_id": {
    "$oid": "65949990d806867401dafb48"
  },
  "clave": "6HC",
  "descripcion": "Envases y embalajes compuestos de Recipiente de plástico, con una caja de madera"
},
{
  "_id": {
    "$oid": "65949990d806867401dafb49"
  },
  "clave": "6HD1",
  "descripcion": "Envases y embalajes compuestos de Recipiente de plástico, con un bidón (tambor) de madera contrachapada"
},
{
  "_id": {
    "$oid": "65949990d806867401dafb4a"
  },
  "clave": "6HD2",
  "descripcion": "Envases y embalajes compuestos de Recipiente de plástico, con una caja de madera contrachapada"
},
{
  "_id": {
    "$oid": "65949990d806867401dafb4b"
  },
  "clave": "6HG1",
  "descripcion": "Envases y embalajes compuestos de Recipiente de plástico, con un bidón (tambor) de cartón"
},
{
  "_id": {
    "$oid": "65949990d806867401dafb4c"
  },
  "clave": "6HG2",
  "descripcion": "Envases y embalajes compuestos de Recipiente de plástico, con una caja de cartón"
},
{
  "_id": {
    "$oid": "65949990d806867401dafb4d"
  },
  "clave": "6HH1",
  "descripcion": "Envases y embalajes compuestos de Recipiente de plástico, con un bidón (tambor) de plástico"
},
{
  "_id": {
    "$oid": "65949990d806867401dafb4e"
  },
  "clave": "6HH2",
  "descripcion": "Envases y embalajes compuestos de Recipiente de plástico, con caja de plástico rígido"
},
{
  "_id": {
    "$oid": "65949990d806867401dafb4f"
  },
  "clave": "6PA1",
  "descripcion": "Envases y embalajes compuestos de Recipiente de vidrio, porcelana o de gres, con un bidón (tambor) de acero"
},
{
  "_id": {
    "$oid": "65949990d806867401dafb50"
  },
  "clave": "6PA2",
  "descripcion": "Envases y embalajes compuestos de Recipiente de vidrio, porcelana o de gres, con una jaula o una caja de acero"
},
{
  "_id": {
    "$oid": "65949990d806867401dafb51"
  },
  "clave": "6PB1",
  "descripcion": "Envases y embalajes compuestos de Recipiente de vidrio, porcelana o de gres, con un bidón (tambor) exterior de aluminio"
},
{
  "_id": {
    "$oid": "65949990d806867401dafb52"
  },
  "clave": "6PB2",
  "descripcion": "Envases y embalajes compuestos de Recipiente de vidrio, porcelana o de gres, con una jaula o una caja de aluminio"
},
{
  "_id": {
    "$oid": "65949990d806867401dafb53"
  },
  "clave": "6PC",
  "descripcion": "Envases y embalajes compuestos de Recipiente de vidrio, porcelana o de gres, con una caja de madera"
},
{
  "_id": {
    "$oid": "65949990d806867401dafb54"
  },
  "clave": "6PD1",
  "descripcion": "Envases y embalajes compuestos de Recipiente de vidrio, porcelana o de gres, con bidón (tambor) de madera contrachapada"
},
{
  "_id": {
    "$oid": "65949990d806867401dafb55"
  },
  "clave": "6PD2",
  "descripcion": "Envases y embalajes compuestos de Recipiente de vidrio, porcelana o de gres, con canasta de mimbre"
},
{
  "_id": {
    "$oid": "65949990d806867401dafb56"
  },
  "clave": "6PG1",
  "descripcion": "Envases y embalajes compuestos de Recipiente de vidrio, porcelana o de gres, con un bidón (tambor) de cartón"
},
{
  "_id": {
    "$oid": "65949990d806867401dafb57"
  },
  "clave": "6PG2",
  "descripcion": "Envases y embalajes compuestos de Recipiente de vidrio, porcelana o de gres, con una caja de cartón"
},
{
  "_id": {
    "$oid": "65949990d806867401dafb58"
  },
  "clave": "6PH1",
  "descripcion": "Envases y embalajes compuestos de Recipiente de vidrio, porcelana o de gres, con un envase y embalaje de plástico expandido"
},
{
  "_id": {
    "$oid": "65949990d806867401dafb59"
  },
  "clave": "6PH2",
  "descripcion": "Envases y embalajes compuestos de Recipiente de vidrio, porcelana o de gres, con un envase y embalaje de plástico rígido"
},
{
  "_id": {
    "$oid": "65949990d806867401dafb5a"
  },
  "clave": "7H1",
  "descripcion": "Bultos de Plástico"
},
{
  "_id": {
    "$oid": "65949990d806867401dafb5b"
  },
  "clave": "7L1",
  "descripcion": "Bultos de Tela"
},
{
  "_id": {
    "$oid": "65949990d806867401dafb5c"
  },
  "clave": "Z01",
  "descripcion": "No aplica "
}]