[{
  "_id": {
    "$oid": "661ebb23e3b92cc1a47b7ef9"
  },
  "clave": "001",
  "descripcion": "Reintegro de ISR pagado en exceso (siempre que no haya sido enterado al SAT)."
},
{
  "_id": {
    "$oid": "661ebb23e3b92cc1a47b7efa"
  },
  "clave": "002",
  "descripcion": "Subsidio para el empleo (efectivamente entregado al trabajador)."
},
{
  "_id": {
    "$oid": "661ebb23e3b92cc1a47b7efb"
  },
  "clave": "003",
  "descripcion": "Viáticos (entregados al trabajador)."
},
{
  "_id": {
    "$oid": "661ebb23e3b92cc1a47b7efc"
  },
  "clave": "004",
  "descripcion": "Aplicación de saldo a favor por compensación anual."
},
{
  "_id": {
    "$oid": "661ebb23e3b92cc1a47b7efd"
  },
  "clave": "005",
  "descripcion": "Reintegro de ISR retenido en exceso de ejercicio anterior (siempre que no haya sido enterado al SAT)."
},
{
  "_id": {
    "$oid": "661ebb23e3b92cc1a47b7efe"
  },
  "clave": "006",
  "descripcion": "Alimentos en bienes (Servicios de comedor y comida) Art 94 último párrafo LISR."
},
{
  "_id": {
    "$oid": "661ebb23e3b92cc1a47b7eff"
  },
  "clave": "007",
  "descripcion": "ISR ajustado por subsidio."
},
{
  "_id": {
    "$oid": "661ebb23e3b92cc1a47b7f00"
  },
  "clave": "008",
  "descripcion": "Subsidio efectivamente entregado que no correspondía (Aplica sólo cuando haya ajuste al cierre de mes en relación con el Apéndice 7 de la guía de llenado de nómina)."
},
{
  "_id": {
    "$oid": "661ebb23e3b92cc1a47b7f01"
  },
  "clave": "009",
  "descripcion": "Reembolso de descuentos efectuados para el crédito de vivienda."
},
{
  "_id": {
    "$oid": "661ebb23e3b92cc1a47b7f02"
  },
  "clave": "999",
  "descripcion": "Pagos distintos a los listados y que no deben considerarse como ingreso por sueldos, salarios o ingresos asimilados."
}]