[{
  "_id": {
    "$oid": "65949a99d806867401dafb5e"
  },
  "clave": "01",
  "descripcion": "Materia prima"
},
{
  "_id": {
    "$oid": "65949a99d806867401dafb5f"
  },
  "clave": "02",
  "descripcion": "Materia procesada"
},
{
  "_id": {
    "$oid": "65949a99d806867401dafb60"
  },
  "clave": "03",
  "descripcion": "Materia terminada(producto terminado)"
},
{
  "_id": {
    "$oid": "65949a99d806867401dafb61"
  },
  "clave": "04",
  "descripcion": "Materia para la industria manufacturera"
},
{
  "_id": {
    "$oid": "65949a99d806867401dafb62"
  },
  "clave": "05",
  "descripcion": "Otra"
}]