[{
  "_id": {
    "$oid": "659c509754fef04af601b282"
  },
  "clave": "01",
  "descripcion": "KILO  "
},
{
  "_id": {
    "$oid": "659c509754fef04af601b283"
  },
  "clave": "02",
  "descripcion": "GRAMO  "
},
{
  "_id": {
    "$oid": "659c509754fef04af601b284"
  },
  "clave": "03",
  "descripcion": "METRO LINEAL  "
},
{
  "_id": {
    "$oid": "659c509754fef04af601b285"
  },
  "clave": "04",
  "descripcion": "METRO CUADRADO  "
},
{
  "_id": {
    "$oid": "659c509754fef04af601b286"
  },
  "clave": "05",
  "descripcion": "METRO CUBICO  "
},
{
  "_id": {
    "$oid": "659c509754fef04af601b287"
  },
  "clave": "06",
  "descripcion": "PIEZA  "
},
{
  "_id": {
    "$oid": "659c509754fef04af601b288"
  },
  "clave": "07",
  "descripcion": "CABEZA  "
},
{
  "_id": {
    "$oid": "659c509754fef04af601b289"
  },
  "clave": "08",
  "descripcion": "LITRO  "
},
{
  "_id": {
    "$oid": "659c509754fef04af601b28a"
  },
  "clave": "09",
  "descripcion": "PAR  "
},
{
  "_id": {
    "$oid": "659c509754fef04af601b28b"
  },
  "clave": "10",
  "descripcion": "KILOWATT  "
},
{
  "_id": {
    "$oid": "659c509754fef04af601b28c"
  },
  "clave": "11",
  "descripcion": "MILLAR  "
},
{
  "_id": {
    "$oid": "659c509754fef04af601b28d"
  },
  "clave": "12",
  "descripcion": "JUEGO  "
},
{
  "_id": {
    "$oid": "659c509754fef04af601b28e"
  },
  "clave": "13",
  "descripcion": "KILOWATT/HORA  "
},
{
  "_id": {
    "$oid": "659c509754fef04af601b28f"
  },
  "clave": "14",
  "descripcion": "TONELADA"
},
{
  "_id": {
    "$oid": "659c509754fef04af601b290"
  },
  "clave": "15",
  "descripcion": "BARRIL  "
},
{
  "_id": {
    "$oid": "659c509754fef04af601b291"
  },
  "clave": "16",
  "descripcion": "GRAMO NETO  "
},
{
  "_id": {
    "$oid": "659c509754fef04af601b292"
  },
  "clave": "17",
  "descripcion": "DECENAS  "
},
{
  "_id": {
    "$oid": "659c509754fef04af601b293"
  },
  "clave": "18",
  "descripcion": "CIENTOS"
},
{
  "_id": {
    "$oid": "659c509754fef04af601b294"
  },
  "clave": "19",
  "descripcion": "DOCENAS  "
},
{
  "_id": {
    "$oid": "659c509754fef04af601b295"
  },
  "clave": "20",
  "descripcion": "CAJA  "
},
{
  "_id": {
    "$oid": "659c509754fef04af601b296"
  },
  "clave": "21",
  "descripcion": "BOTELLA"
},
{
  "_id": {
    "$oid": "659c509754fef04af601b297"
  },
  "clave": "22",
  "descripcion": "CARAT"
},
{
  "_id": {
    "$oid": "659c509754fef04af601b298"
  },
  "clave": "99",
  "descripcion": "SERVICIO"
}]