[{
  "_id": {
    "$oid": "659c982654fef04af60328b2"
  },
  "clave": "G01",
  "descripcion": "Adquisición de mercancías.",
  "fisica": "Sí",
  "moral": "Sí",
  "regimen_fiscal": "601, 603, 606, 612, 620, 621, 622, 623, 624, 625,626"
},
{
  "_id": {
    "$oid": "659c982654fef04af60328b3"
  },
  "clave": "G02",
  "descripcion": "Devoluciones, descuentos o bonificaciones.",
  "fisica": "Sí",
  "moral": "Sí",
  "regimen_fiscal": "601, 603, 606, 612, 616, 620, 621, 622, 623, 624, 625,626"
},
{
  "_id": {
    "$oid": "659c982654fef04af60328b4"
  },
  "clave": "G03",
  "descripcion": "Gastos en general.",
  "fisica": "Sí",
  "moral": "Sí",
  "regimen_fiscal": "601, 603, 606, 612, 620, 621, 622, 623, 624, 625, 626"
},
{
  "_id": {
    "$oid": "659c982654fef04af60328b5"
  },
  "clave": "I01",
  "descripcion": "Construcciones.",
  "fisica": "Sí",
  "moral": "Sí",
  "regimen_fiscal": "601, 603, 606, 612, 620, 621, 622, 623, 624, 625, 626"
},
{
  "_id": {
    "$oid": "659c982654fef04af60328b6"
  },
  "clave": "I02",
  "descripcion": "Mobiliario y equipo de oficina por inversiones.",
  "fisica": "Sí",
  "moral": "Sí",
  "regimen_fiscal": "601, 603, 606, 612, 620, 621, 622, 623, 624, 625, 626"
},
{
  "_id": {
    "$oid": "659c982654fef04af60328b7"
  },
  "clave": "I03",
  "descripcion": "Equipo de transporte.",
  "fisica": "Sí",
  "moral": "Sí",
  "regimen_fiscal": "601, 603, 606, 612, 620, 621, 622, 623, 624, 625, 626"
},
{
  "_id": {
    "$oid": "659c982654fef04af60328b8"
  },
  "clave": "I04",
  "descripcion": "Equipo de computo y accesorios.",
  "fisica": "Sí",
  "moral": "Sí",
  "regimen_fiscal": "601, 603, 606, 612, 620, 621, 622, 623, 624, 625, 626"
},
{
  "_id": {
    "$oid": "659c982654fef04af60328b9"
  },
  "clave": "I05",
  "descripcion": "Dados, troqueles, moldes, matrices y herramental.",
  "fisica": "Sí",
  "moral": "Sí",
  "regimen_fiscal": "601, 603, 606, 612, 620, 621, 622, 623, 624, 625, 626"
},
{
  "_id": {
    "$oid": "659c982654fef04af60328ba"
  },
  "clave": "I06",
  "descripcion": "Comunicaciones telefónicas.",
  "fisica": "Sí",
  "moral": "Sí",
  "regimen_fiscal": "601, 603, 606, 612, 620, 621, 622, 623, 624, 625, 626"
},
{
  "_id": {
    "$oid": "659c982654fef04af60328bb"
  },
  "clave": "I07",
  "descripcion": "Comunicaciones satelitales.",
  "fisica": "Sí",
  "moral": "Sí",
  "regimen_fiscal": "601, 603, 606, 612, 620, 621, 622, 623, 624, 625, 626"
},
{
  "_id": {
    "$oid": "659c982654fef04af60328bc"
  },
  "clave": "I08",
  "descripcion": "Otra maquinaria y equipo.",
  "fisica": "Sí",
  "moral": "Sí",
  "regimen_fiscal": "601, 603, 606, 612, 620, 621, 622, 623, 624, 625, 626"
},
{
  "_id": {
    "$oid": "659c982654fef04af60328bd"
  },
  "clave": "D01",
  "descripcion": "Honorarios médicos, dentales y gastos hospitalarios.",
  "fisica": "Sí",
  "moral": "No",
  "regimen_fiscal": "605, 606, 608, 611, 612, 614, 607, 615, 625"
},
{
  "_id": {
    "$oid": "659c982654fef04af60328be"
  },
  "clave": "D02",
  "descripcion": "Gastos médicos por incapacidad o discapacidad.",
  "fisica": "Sí",
  "moral": "No",
  "regimen_fiscal": "605, 606, 608, 611, 612, 614, 607, 615, 625"
},
{
  "_id": {
    "$oid": "659c982654fef04af60328bf"
  },
  "clave": "D03",
  "descripcion": "Gastos funerales.",
  "fisica": "Sí",
  "moral": "No",
  "regimen_fiscal": "605, 606, 608, 611, 612, 614, 607, 615, 625"
},
{
  "_id": {
    "$oid": "659c982654fef04af60328c0"
  },
  "clave": "D04",
  "descripcion": "Donativos.",
  "fisica": "Sí",
  "moral": "No",
  "regimen_fiscal": "605, 606, 608, 611, 612, 614, 607, 615, 625"
},
{
  "_id": {
    "$oid": "659c982654fef04af60328c1"
  },
  "clave": "D05",
  "descripcion": "Intereses reales efectivamente pagados por créditos hipotecarios (casa habitación).",
  "fisica": "Sí",
  "moral": "No",
  "regimen_fiscal": "605, 606, 608, 611, 612, 614, 607, 615, 625"
},
{
  "_id": {
    "$oid": "659c982654fef04af60328c2"
  },
  "clave": "D06",
  "descripcion": "Aportaciones voluntarias al SAR.",
  "fisica": "Sí",
  "moral": "No",
  "regimen_fiscal": "605, 606, 608, 611, 612, 614, 607, 615, 625"
},
{
  "_id": {
    "$oid": "659c982654fef04af60328c3"
  },
  "clave": "D07",
  "descripcion": "Primas por seguros de gastos médicos.",
  "fisica": "Sí",
  "moral": "No",
  "regimen_fiscal": "605, 606, 608, 611, 612, 614, 607, 615, 625"
},
{
  "_id": {
    "$oid": "659c982654fef04af60328c4"
  },
  "clave": "D08",
  "descripcion": "Gastos de transportación escolar obligatoria.",
  "fisica": "Sí",
  "moral": "No",
  "regimen_fiscal": "605, 606, 608, 611, 612, 614, 607, 615, 625"
},
{
  "_id": {
    "$oid": "659c982654fef04af60328c5"
  },
  "clave": "D09",
  "descripcion": "Depósitos en cuentas para el ahorro, primas que tengan como base planes de pensiones.",
  "fisica": "Sí",
  "moral": "No",
  "regimen_fiscal": "605, 606, 608, 611, 612, 614, 607, 615, 625"
},
{
  "_id": {
    "$oid": "659c982654fef04af60328c6"
  },
  "clave": "D10",
  "descripcion": "Pagos por servicios educativos (colegiaturas).",
  "fisica": "Sí",
  "moral": "No",
  "regimen_fiscal": "605, 606, 608, 611, 612, 614, 607, 615, 625"
},
{
  "_id": {
    "$oid": "659c982654fef04af60328c7"
  },
  "clave": "S01",
  "descripcion": "Sin efectos fiscales.  ",
  "fisica": "Sí",
  "moral": "Sí",
  "regimen_fiscal": "601, 603, 605, 606, 608, 610, 611, 612, 614, 616, 620, 621, 622, 623, 624, 607, 615, 625, 626"
},
{
  "_id": {
    "$oid": "659c982654fef04af60328c8"
  },
  "clave": "CP01",
  "descripcion": "Pagos",
  "fisica": "Sí",
  "moral": "Sí",
  "regimen_fiscal": "601, 603, 605, 606, 608, 610, 611, 612, 614, 616, 620, 621, 622, 623, 624, 607, 615, 625, 626"
},
{
  "_id": {
    "$oid": "659c982654fef04af60328c9"
  },
  "clave": "CN01",
  "descripcion": "Nómina",
  "fisica": "Sí",
  "moral": "No",
  "regimen_fiscal": "605"
},
{
  "_id": {
    "$oid": "6632c92dab032453afb6e477"
  },
  "clave": "P01",
  "descripcion": "Por definir.",
  "fisica": "Sí",
  "moral": "Sí",
  "regimen_fiscal": "601, 603, 606, 612, 620, 621, 622, 623, 624, 625, 626"
}]